DateTime,Month,Day,Weekday,Hour,Temperature,Load,Year
2015-11-01 00:00:00,11,1,0,0,28.0,199.856449,2015
2015-11-01 01:00:00,11,1,0,1,28.0,192.0399037,2015
2015-11-01 01:00:00,11,1,0,1,26.0,195.5985277,2015
2015-11-01 02:00:00,11,1,0,2,26.0,191.6591038,2015
2015-11-01 03:00:00,11,1,0,3,26.0,191.8532192,2015
2015-11-01 04:00:00,11,1,0,4,27.0,190.9500651,2015
2015-11-01 05:00:00,11,1,0,5,27.0,188.1972131,2015
2015-11-01 06:00:00,11,1,0,6,26.0,201.6481475,2015
2015-11-01 07:00:00,11,1,0,7,27.0,213.4944839,2015
2015-11-01 08:00:00,11,1,0,8,27.0,216.272391,2015
2015-11-01 09:00:00,11,1,0,9,25.0,176.2278445,2015
2015-11-01 10:00:00,11,1,0,10,24.0,125.1885727,2015
2015-11-01 11:00:00,11,1,0,11,23.0,77.16409183,2015
2015-11-01 12:00:00,11,1,0,12,21.0,55.50235055,2015
2015-11-01 13:00:00,11,1,0,13,17.0,40.48836006,2015
2015-11-01 14:00:00,11,1,0,14,18.0,51.58515222,2015
2015-11-01 15:00:00,11,1,0,15,19.0,71.13255586,2015
2015-11-01 16:00:00,11,1,0,16,20.0,112.7446038,2015
2015-11-01 17:00:00,11,1,0,17,21.0,160.1707534,2015
2015-11-01 18:00:00,11,1,0,18,24.0,203.1406141,2015
2015-11-01 19:00:00,11,1,0,19,26.0,221.4422287,2015
2015-11-01 20:00:00,11,1,0,20,26.0,219.2416432,2015
2015-11-01 21:00:00,11,1,0,21,25.0,220.0995914,2015
2015-11-01 22:00:00,11,1,0,22,23.0,216.9601307,2015
2015-11-01 23:00:00,11,1,0,23,25.0,199.6138361,2015
2015-11-02 00:00:00,11,2,1,0,21.0,228.4026919,2015
2015-11-02 01:00:00,11,2,1,1,22.0,226.0299332,2015
2015-11-02 02:00:00,11,2,1,2,22.0,225.4540329,2015
2015-11-02 03:00:00,11,2,1,3,22.0,224.7520499,2015
2015-11-02 04:00:00,11,2,1,4,23.0,221.7486431,2015
2015-11-02 05:00:00,11,2,1,5,23.0,223.16584,2015
2015-11-02 06:00:00,11,2,1,6,23.0,235.8208316,2015
2015-11-02 07:00:00,11,2,1,7,26.0,269.1110138,2015
2015-11-02 08:00:00,11,2,1,8,26.0,284.0792554,2015
2015-11-02 09:00:00,11,2,1,9,25.0,256.5588262,2015
2015-11-02 10:00:00,11,2,1,10,26.0,232.7759146,2015
2015-11-02 11:00:00,11,2,1,11,24.0,226.5282885,2015
2015-11-02 12:00:00,11,2,1,12,23.0,212.3970041,2015
2015-11-02 13:00:00,11,2,1,13,23.0,237.4396106,2015
2015-11-02 14:00:00,11,2,1,14,24.0,171.502288,2015
2015-11-02 15:00:00,11,2,1,15,23.0,151.1229621,2015
2015-11-02 16:00:00,11,2,1,16,23.0,173.8348935,2015
2015-11-02 17:00:00,11,2,1,17,25.0,207.5184177,2015
2015-11-02 18:00:00,11,2,1,18,25.0,252.6922433,2015
2015-11-02 19:00:00,11,2,1,19,30.0,282.9743897,2015
2015-11-02 20:00:00,11,2,1,20,29.0,269.564407,2015
2015-11-02 21:00:00,11,2,1,21,28.0,262.4197727,2015
2015-11-02 22:00:00,11,2,1,22,27.0,257.9636414,2015
2015-11-02 23:00:00,11,2,1,23,21.0,241.8907105,2015
2015-11-03 00:00:00,11,3,1,0,22.0,231.430732,2015
2015-11-03 01:00:00,11,3,1,1,17.0,233.8072415,2015
2015-11-03 02:00:00,11,3,1,2,17.0,229.3754372,2015
2015-11-03 03:00:00,11,3,1,3,19.0,227.5638617,2015
2015-11-03 04:00:00,11,3,1,4,19.0,231.8103989,2015
2015-11-03 05:00:00,11,3,1,5,19.0,233.3223094,2015
2015-11-03 06:00:00,11,3,1,6,17.0,253.6057004,2015
2015-11-03 07:00:00,11,3,1,7,18.0,293.7065863,2015
2015-11-03 08:00:00,11,3,1,8,18.0,345.1007444,2015
2015-11-03 09:00:00,11,3,1,9,16.0,327.7244676,2015
2015-11-03 10:00:00,11,3,1,10,15.0,287.7610963,2015
2015-11-03 11:00:00,11,3,1,11,12.0,260.1765556,2015
2015-11-03 12:00:00,11,3,1,12,9.0,234.0239819,2015
2015-11-03 13:00:00,11,3,1,13,8.0,246.2647155,2015
2015-11-03 14:00:00,11,3,1,14,9.0,262.1762848,2015
2015-11-03 15:00:00,11,3,1,15,10.0,268.5489324,2015
2015-11-03 16:00:00,11,3,1,16,13.0,254.7012176,2015
2015-11-03 17:00:00,11,3,1,17,15.0,257.478898,2015
2015-11-03 18:00:00,11,3,1,18,17.0,286.6370633,2015
2015-11-03 19:00:00,11,3,1,19,17.0,320.4853786,2015
2015-11-03 20:00:00,11,3,1,20,21.0,323.0599268,2015
2015-11-03 21:00:00,11,3,1,21,21.0,333.2820763,2015
2015-11-03 22:00:00,11,3,1,22,18.0,321.0848522,2015
2015-11-03 23:00:00,11,3,1,23,19.0,279.0219361,2015
2015-11-04 00:00:00,11,4,1,0,22.0,242.2135162,2015
2015-11-04 01:00:00,11,4,1,1,23.0,236.9116122,2015
2015-11-04 02:00:00,11,4,1,2,24.0,232.765766,2015
2015-11-04 03:00:00,11,4,1,3,25.0,231.7653617,2015
2015-11-04 04:00:00,11,4,1,4,25.0,234.6692171,2015
2015-11-04 05:00:00,11,4,1,5,26.0,237.1048935,2015
2015-11-04 06:00:00,11,4,1,6,26.0,256.1131591,2015
2015-11-04 07:00:00,11,4,1,7,25.0,295.0792519,2015
2015-11-04 08:00:00,11,4,1,8,29.0,338.8730739,2015
2015-11-04 09:00:00,11,4,1,9,32.0,332.4182003,2015
2015-11-04 10:00:00,11,4,1,10,32.0,286.3279598,2015
2015-11-04 11:00:00,11,4,1,11,33.0,252.0013819,2015
2015-11-04 12:00:00,11,4,1,12,32.0,231.7281806,2015
2015-11-04 13:00:00,11,4,1,13,31.0,281.9866128,2015
2015-11-04 14:00:00,11,4,1,14,31.0,261.9170182,2015
2015-11-04 15:00:00,11,4,1,15,32.0,274.5741352,2015
2015-11-04 16:00:00,11,4,1,16,35.0,241.5674288,2015
2015-11-04 17:00:00,11,4,1,17,39.0,250.7068279,2015
2015-11-04 18:00:00,11,4,1,18,41.0,293.6727727,2015
2015-11-04 19:00:00,11,4,1,19,38.0,328.4513257,2015
2015-11-04 20:00:00,11,4,1,20,42.0,307.7649688,2015
2015-11-04 21:00:00,11,4,1,21,39.0,302.0783973,2015
2015-11-04 22:00:00,11,4,1,22,39.0,291.6954115,2015
2015-11-04 23:00:00,11,4,1,23,38.0,266.9079946,2015
2015-11-05 00:00:00,11,5,1,0,34.0,232.5807396,2015
2015-11-05 01:00:00,11,5,1,1,32.0,226.2152119,2015
2015-11-05 02:00:00,11,5,1,2,31.0,225.5655063,2015
2015-11-05 03:00:00,11,5,1,3,31.0,223.6533779,2015
2015-11-05 04:00:00,11,5,1,4,32.0,223.7215956,2015
2015-11-05 05:00:00,11,5,1,5,32.0,227.248174,2015
2015-11-05 06:00:00,11,5,1,6,31.0,243.187098,2015
2015-11-05 07:00:00,11,5,1,7,31.0,289.4447689,2015
2015-11-05 08:00:00,11,5,1,8,31.0,341.7687835,2015
2015-11-05 09:00:00,11,5,1,9,32.0,330.4916808,2015
2015-11-05 10:00:00,11,5,1,10,33.0,275.7416361,2015
2015-11-05 11:00:00,11,5,1,11,31.0,250.8892017,2015
2015-11-05 12:00:00,11,5,1,12,32.0,252.9061925,2015
2015-11-05 13:00:00,11,5,1,13,32.0,243.9959184,2015
2015-11-05 14:00:00,11,5,1,14,32.0,239.0921176,2015
2015-11-05 15:00:00,11,5,1,15,31.0,291.9501245,2015
2015-11-05 16:00:00,11,5,1,16,32.0,296.5570037,2015
2015-11-05 17:00:00,11,5,1,17,31.0,311.8683151,2015
2015-11-05 18:00:00,11,5,1,18,29.0,334.8145566,2015
2015-11-05 19:00:00,11,5,1,19,30.0,370.594217,2015
2015-11-05 20:00:00,11,5,1,20,26.0,369.3746288,2015
2015-11-05 21:00:00,11,5,1,21,25.0,349.8917539,2015
2015-11-05 22:00:00,11,5,1,22,20.0,300.9681844,2015
2015-11-05 23:00:00,11,5,1,23,21.0,276.8405636,2015
2015-11-06 00:00:00,11,6,1,0,20.0,245.7214542,2015
2015-11-06 01:00:00,11,6,1,1,19.0,241.3440497,2015
2015-11-06 02:00:00,11,6,1,2,22.0,236.4022671,2015
2015-11-06 03:00:00,11,6,1,3,24.0,239.2036104,2015
2015-11-06 04:00:00,11,6,1,4,20.0,243.049634,2015
2015-11-06 05:00:00,11,6,1,5,22.0,249.7810208,2015
2015-11-06 06:00:00,11,6,1,6,27.0,256.4156711,2015
2015-11-06 07:00:00,11,6,1,7,28.0,301.8042709,2015
2015-11-06 08:00:00,11,6,1,8,29.0,366.2668659,2015
2015-11-06 09:00:00,11,6,1,9,28.0,388.4344171,2015
2015-11-06 10:00:00,11,6,1,10,29.0,368.034351,2015
2015-11-06 11:00:00,11,6,1,11,29.0,347.9446371,2015
2015-11-06 12:00:00,11,6,1,12,29.0,304.078431,2015
2015-11-06 13:00:00,11,6,1,13,27.0,269.6296473,2015
2015-11-06 14:00:00,11,6,1,14,25.0,274.7447417,2015
2015-11-06 15:00:00,11,6,1,15,22.0,276.655434,2015
2015-11-06 16:00:00,11,6,1,16,26.0,263.1653971,2015
2015-11-06 17:00:00,11,6,1,17,28.0,255.6222021,2015
2015-11-06 18:00:00,11,6,1,18,29.0,299.5811131,2015
2015-11-06 19:00:00,11,6,1,19,27.0,332.2493097,2015
2015-11-06 20:00:00,11,6,1,20,27.0,337.8543196,2015
2015-11-06 21:00:00,11,6,1,21,26.0,334.4080743,2015
2015-11-06 22:00:00,11,6,1,22,26.0,312.5344214,2015
2015-11-06 23:00:00,11,6,1,23,25.0,282.9758371,2015
2015-11-07 00:00:00,11,7,0,0,24.0,206.5809672,2015
2015-11-07 01:00:00,11,7,0,1,23.0,204.5376049,2015
2015-11-07 02:00:00,11,7,0,2,23.0,200.8014701,2015
2015-11-07 03:00:00,11,7,0,3,23.0,204.2996067,2015
2015-11-07 04:00:00,11,7,0,4,23.0,212.811697,2015
2015-11-07 05:00:00,11,7,0,5,22.0,214.194097,2015
2015-11-07 06:00:00,11,7,0,6,23.0,223.1167417,2015
2015-11-07 07:00:00,11,7,0,7,22.0,245.6422758,2015
2015-11-07 08:00:00,11,7,0,8,24.0,282.2242228,2015
2015-11-07 09:00:00,11,7,0,9,24.0,280.9282122,2015
2015-11-07 10:00:00,11,7,0,10,19.0,250.1321092,2015
2015-11-07 11:00:00,11,7,0,11,17.0,212.3555302,2015
2015-11-07 12:00:00,11,7,0,12,14.0,180.5087204,2015
2015-11-07 13:00:00,11,7,0,13,8.0,163.7070202,2015
2015-11-07 14:00:00,11,7,0,14,12.0,164.2650622,2015
2015-11-07 15:00:00,11,7,0,15,11.0,184.2110217,2015
2015-11-07 16:00:00,11,7,0,16,12.0,205.2798294,2015
2015-11-07 17:00:00,11,7,0,17,18.0,222.850078,2015
2015-11-07 18:00:00,11,7,0,18,22.0,247.9508344,2015
2015-11-07 19:00:00,11,7,0,19,23.0,270.8100609,2015
2015-11-07 20:00:00,11,7,0,20,23.0,265.3798804,2015
2015-11-07 21:00:00,11,7,0,21,22.0,260.2733515,2015
2015-11-07 22:00:00,11,7,0,22,22.0,247.8071665,2015
2015-11-07 23:00:00,11,7,0,23,22.0,231.3325577,2015
2015-11-08 00:00:00,11,8,0,0,21.0,215.2187058,2015
2015-11-08 01:00:00,11,8,0,1,20.0,216.6953634,2015
2015-11-08 02:00:00,11,8,0,2,20.0,221.552161,2015
2015-11-08 03:00:00,11,8,0,3,19.0,215.150257,2015
2015-11-08 04:00:00,11,8,0,4,18.0,215.9789539,2015
2015-11-08 05:00:00,11,8,0,5,18.0,215.941125,2015
2015-11-08 06:00:00,11,8,0,6,16.0,221.1859027,2015
2015-11-08 07:00:00,11,8,0,7,15.0,238.4523826,2015
2015-11-08 08:00:00,11,8,0,8,16.0,244.8970046,2015
2015-11-08 09:00:00,11,8,0,9,17.0,194.6269096,2015
2015-11-08 10:00:00,11,8,0,10,16.0,156.8742286,2015
2015-11-08 11:00:00,11,8,0,11,14.0,129.4921648,2015
2015-11-08 12:00:00,11,8,0,12,10.0,109.2034035,2015
2015-11-08 13:00:00,11,8,0,13,12.0,114.4117322,2015
2015-11-08 14:00:00,11,8,0,14,9.0,93.81533522,2015
2015-11-08 15:00:00,11,8,0,15,13.0,102.8483663,2015
2015-11-08 16:00:00,11,8,0,16,20.0,131.8383011,2015
2015-11-08 17:00:00,11,8,0,17,20.0,171.8266453,2015
2015-11-08 18:00:00,11,8,0,18,24.0,217.1484785,2015
2015-11-08 19:00:00,11,8,0,19,20.0,240.7884292,2015
2015-11-08 20:00:00,11,8,0,20,22.0,226.8168352,2015
2015-11-08 21:00:00,11,8,0,21,28.0,219.8251737,2015
2015-11-08 22:00:00,11,8,0,22,28.0,227.8868677,2015
2015-11-08 23:00:00,11,8,0,23,27.0,221.4286055,2015
2015-11-09 00:00:00,11,9,1,0,25.0,250.1609949,2015
2015-11-09 01:00:00,11,9,1,1,24.0,245.4513036,2015
2015-11-09 02:00:00,11,9,1,2,22.0,245.74452,2015
2015-11-09 03:00:00,11,9,1,3,20.0,248.4015893,2015
2015-11-09 04:00:00,11,9,1,4,19.0,257.294891,2015
2015-11-09 05:00:00,11,9,1,5,18.0,259.6320735,2015
2015-11-09 06:00:00,11,9,1,6,18.0,264.9456102,2015
2015-11-09 07:00:00,11,9,1,7,19.0,279.9198045,2015
2015-11-09 08:00:00,11,9,1,8,20.0,300.3884108,2015
2015-11-09 09:00:00,11,9,1,9,23.0,262.1066038,2015
2015-11-09 10:00:00,11,9,1,10,19.0,226.718702,2015
2015-11-09 11:00:00,11,9,1,11,18.0,191.096739,2015
2015-11-09 12:00:00,11,9,1,12,17.0,159.9318415,2015
2015-11-09 13:00:00,11,9,1,13,18.0,150.6320899,2015
2015-11-09 14:00:00,11,9,1,14,18.0,152.7966306,2015
2015-11-09 15:00:00,11,9,1,15,18.0,164.7106831,2015
2015-11-09 16:00:00,11,9,1,16,20.0,182.1838378,2015
2015-11-09 17:00:00,11,9,1,17,23.0,215.1073512,2015
2015-11-09 18:00:00,11,9,1,18,22.0,260.6324618,2015
2015-11-09 19:00:00,11,9,1,19,23.0,298.2689352,2015
2015-11-09 20:00:00,11,9,1,20,22.0,287.6193603,2015
2015-11-09 21:00:00,11,9,1,21,22.0,293.0744446,2015
2015-11-09 22:00:00,11,9,1,22,23.0,286.1039152,2015
2015-11-09 23:00:00,11,9,1,23,21.0,265.5314934,2015
2015-11-10 00:00:00,11,10,1,0,21.0,245.0083672,2015
2015-11-10 01:00:00,11,10,1,1,20.0,239.8547649,2015
2015-11-10 02:00:00,11,10,1,2,22.0,245.1143379,2015
2015-11-10 03:00:00,11,10,1,3,21.0,242.8805421,2015
2015-11-10 04:00:00,11,10,1,4,20.0,248.1276972,2015
2015-11-10 05:00:00,11,10,1,5,19.0,246.25585,2015
2015-11-10 06:00:00,11,10,1,6,18.0,258.8163403,2015
2015-11-10 07:00:00,11,10,1,7,20.0,293.4202721,2015
2015-11-10 08:00:00,11,10,1,8,22.0,340.4084277,2015
2015-11-10 09:00:00,11,10,1,9,22.0,348.0345636,2015
2015-11-10 10:00:00,11,10,1,10,20.0,295.5515889,2015
2015-11-10 11:00:00,11,10,1,11,16.0,262.1755929,2015
2015-11-10 12:00:00,11,10,1,12,12.0,245.023474,2015
2015-11-10 13:00:00,11,10,1,13,9.0,264.3858076,2015
2015-11-10 14:00:00,11,10,1,14,12.0,254.0411457,2015
2015-11-10 15:00:00,11,10,1,15,16.0,266.3729638,2015
2015-11-10 16:00:00,11,10,1,16,17.0,243.273499,2015
2015-11-10 17:00:00,11,10,1,17,20.0,251.4604751,2015
2015-11-10 18:00:00,11,10,1,18,24.0,281.2244409,2015
2015-11-10 19:00:00,11,10,1,19,26.0,323.6982069,2015
2015-11-10 20:00:00,11,10,1,20,26.0,314.5805464,2015
2015-11-10 21:00:00,11,10,1,21,28.0,301.3322714,2015
2015-11-10 22:00:00,11,10,1,22,28.0,302.0119961,2015
2015-11-10 23:00:00,11,10,1,23,30.0,281.9231829,2015
2015-11-11 00:00:00,11,11,1,0,28.0,250.9915085,2015
2015-11-11 01:00:00,11,11,1,1,28.0,230.8148194,2015
2015-11-11 02:00:00,11,11,1,2,28.0,231.3948951,2015
2015-11-11 03:00:00,11,11,1,3,29.0,231.4555806,2015
2015-11-11 04:00:00,11,11,1,4,29.0,235.9736894,2015
2015-11-11 05:00:00,11,11,1,5,29.0,238.5827213,2015
2015-11-11 06:00:00,11,11,1,6,29.0,247.9918009,2015
2015-11-11 07:00:00,11,11,1,7,30.0,283.7430614,2015
2015-11-11 08:00:00,11,11,1,8,29.0,339.6951548,2015
2015-11-11 09:00:00,11,11,1,9,26.0,335.1030942,2015
2015-11-11 10:00:00,11,11,1,10,25.0,280.145046,2015
2015-11-11 11:00:00,11,11,1,11,25.0,245.4147991,2015
2015-11-11 12:00:00,11,11,1,12,24.0,231.3454079,2015
2015-11-11 13:00:00,11,11,1,13,24.0,216.8302056,2015
2015-11-11 14:00:00,11,11,1,14,18.0,228.0923069,2015
2015-11-11 15:00:00,11,11,1,15,16.0,255.8923676,2015
2015-11-11 16:00:00,11,11,1,16,15.0,268.9649497,2015
2015-11-11 17:00:00,11,11,1,17,16.0,298.8382085,2015
2015-11-11 18:00:00,11,11,1,18,16.0,328.8622817,2015
2015-11-11 19:00:00,11,11,1,19,17.0,365.3160669,2015
2015-11-11 20:00:00,11,11,1,20,16.0,377.0944668,2015
2015-11-11 21:00:00,11,11,1,21,16.0,379.2543105,2015
2015-11-11 22:00:00,11,11,1,22,16.0,327.4782111,2015
2015-11-11 23:00:00,11,11,1,23,14.0,305.1978896,2015
2015-11-12 00:00:00,11,12,1,0,15.0,265.5627967,2015
2015-11-12 01:00:00,11,12,1,1,14.0,254.4410204,2015
2015-11-12 02:00:00,11,12,1,2,14.0,250.8139855,2015
2015-11-12 03:00:00,11,12,1,3,15.0,257.072588,2015
2015-11-12 04:00:00,11,12,1,4,14.0,263.4796397,2015
2015-11-12 05:00:00,11,12,1,5,14.0,266.2817058,2015
2015-11-12 06:00:00,11,12,1,6,13.0,282.1267387,2015
2015-11-12 07:00:00,11,12,1,7,13.0,316.9561187,2015
2015-11-12 08:00:00,11,12,1,8,15.0,358.9476882,2015
2015-11-12 09:00:00,11,12,1,9,18.0,404.3200866,2015
2015-11-12 10:00:00,11,12,1,10,19.0,384.6127453,2015
2015-11-12 11:00:00,11,12,1,11,21.0,341.0339287,2015
2015-11-12 12:00:00,11,12,1,12,21.0,285.0076123,2015
2015-11-12 13:00:00,11,12,1,13,22.0,269.4259409,2015
2015-11-12 14:00:00,11,12,1,14,24.0,256.6663766,2015
2015-11-12 15:00:00,11,12,1,15,22.0,251.8883065,2015
2015-11-12 16:00:00,11,12,1,16,24.0,240.1770879,2015
2015-11-12 17:00:00,11,12,1,17,23.0,245.6150584,2015
2015-11-12 18:00:00,11,12,1,18,22.0,292.8366562,2015
2015-11-12 19:00:00,11,12,1,19,23.0,324.8461659,2015
2015-11-12 20:00:00,11,12,1,20,23.0,323.2825326,2015
2015-11-12 21:00:00,11,12,1,21,23.0,313.3120945,2015
2015-11-12 22:00:00,11,12,1,22,23.0,307.0664438,2015
2015-11-12 23:00:00,11,12,1,23,23.0,293.4738877,2015
2015-11-13 00:00:00,11,13,1,0,23.0,263.4555214,2015
2015-11-13 01:00:00,11,13,1,1,20.0,261.3935544,2015
2015-11-13 02:00:00,11,13,1,2,19.0,256.801715,2015
2015-11-13 03:00:00,11,13,1,3,19.0,263.8270836,2015
2015-11-13 04:00:00,11,13,1,4,20.0,267.7933781,2015
2015-11-13 05:00:00,11,13,1,5,20.0,267.9704938,2015
2015-11-13 06:00:00,11,13,1,6,18.0,276.2007091,2015
2015-11-13 07:00:00,11,13,1,7,18.0,304.7340098,2015
2015-11-13 08:00:00,11,13,1,8,18.0,359.8391826,2015
2015-11-13 09:00:00,11,13,1,9,18.0,370.5833188,2015
2015-11-13 10:00:00,11,13,1,10,21.0,317.800226,2015
2015-11-13 11:00:00,11,13,1,11,15.0,276.271537,2015
2015-11-13 12:00:00,11,13,1,12,12.0,248.8158649,2015
2015-11-13 13:00:00,11,13,1,13,13.0,231.3283179,2015
2015-11-13 14:00:00,11,13,1,14,9.0,231.5167897,2015
2015-11-13 15:00:00,11,13,1,15,8.0,250.4894854,2015
2015-11-13 16:00:00,11,13,1,16,11.0,253.3490797,2015
2015-11-13 17:00:00,11,13,1,17,16.0,263.4481765,2015
2015-11-13 18:00:00,11,13,1,18,20.0,298.7269358,2015
2015-11-13 19:00:00,11,13,1,19,21.0,325.5824631,2015
2015-11-13 20:00:00,11,13,1,20,20.0,316.3503362,2015
2015-11-13 21:00:00,11,13,1,21,20.0,320.6130884,2015
2015-11-13 22:00:00,11,13,1,22,21.0,315.077356,2015
2015-11-13 23:00:00,11,13,1,23,21.0,298.0792384,2015
2015-11-14 00:00:00,11,14,0,0,19.0,238.3512917,2015
2015-11-14 01:00:00,11,14,0,1,18.0,235.4491284,2015
2015-11-14 02:00:00,11,14,0,2,18.0,244.6248531,2015
2015-11-14 03:00:00,11,14,0,3,18.0,230.5701964,2015
2015-11-14 04:00:00,11,14,0,4,17.0,232.0120775,2015
2015-11-14 05:00:00,11,14,0,5,16.0,235.3145687,2015
2015-11-14 06:00:00,11,14,0,6,16.0,244.3477153,2015
2015-11-14 07:00:00,11,14,0,7,15.0,278.4021187,2015
2015-11-14 08:00:00,11,14,0,8,16.0,319.5686339,2015
2015-11-14 09:00:00,11,14,0,9,19.0,295.4830553,2015
2015-11-14 10:00:00,11,14,0,10,19.0,244.3751931,2015
2015-11-14 11:00:00,11,14,0,11,17.0,200.5636587,2015
2015-11-14 12:00:00,11,14,0,12,17.0,172.2181348,2015
2015-11-14 13:00:00,11,14,0,13,18.0,165.0800613,2015
2015-11-14 14:00:00,11,14,0,14,17.0,155.577324,2015
2015-11-14 15:00:00,11,14,0,15,19.0,169.2721492,2015
2015-11-14 16:00:00,11,14,0,16,21.0,181.5104968,2015
2015-11-14 17:00:00,11,14,0,17,26.0,198.2471759,2015
2015-11-14 18:00:00,11,14,0,18,24.0,244.1359849,2015
2015-11-14 19:00:00,11,14,0,19,24.0,275.4224224,2015
2015-11-14 20:00:00,11,14,0,20,21.0,269.3754062,2015
2015-11-14 21:00:00,11,14,0,21,22.0,264.4793833,2015
2015-11-14 22:00:00,11,14,0,22,22.0,267.1114971,2015
2015-11-14 23:00:00,11,14,0,23,22.0,256.2997045,2015
2015-11-15 00:00:00,11,15,0,0,22.0,228.5166363,2015
2015-11-15 01:00:00,11,15,0,1,21.0,222.1301072,2015
2015-11-15 02:00:00,11,15,0,2,18.0,224.7957961,2015
2015-11-15 03:00:00,11,15,0,3,17.0,225.272668,2015
2015-11-15 04:00:00,11,15,0,4,16.0,227.4411372,2015
2015-11-15 05:00:00,11,15,0,5,15.0,230.9628281,2015
2015-11-15 06:00:00,11,15,0,6,15.0,228.4611284,2015
2015-11-15 07:00:00,11,15,0,7,13.0,242.4029593,2015
2015-11-15 08:00:00,11,15,0,8,14.0,246.8010588,2015
2015-11-15 09:00:00,11,15,0,9,16.0,198.4478877,2015
2015-11-15 10:00:00,11,15,0,10,14.0,155.032897,2015
2015-11-15 11:00:00,11,15,0,11,8.0,113.9519821,2015
2015-11-15 12:00:00,11,15,0,12,9.0,88.5405193,2015
2015-11-15 13:00:00,11,15,0,13,10.0,79.00734481,2015
2015-11-15 14:00:00,11,15,0,14,8.0,83.42602563,2015
2015-11-15 15:00:00,11,15,0,15,11.0,92.85848073,2015
2015-11-15 16:00:00,11,15,0,16,16.0,120.436753,2015
2015-11-15 17:00:00,11,15,0,17,16.0,165.0755384,2015
2015-11-15 18:00:00,11,15,0,18,21.0,214.4508217,2015
2015-11-15 19:00:00,11,15,0,19,18.0,263.7442945,2015
2015-11-15 20:00:00,11,15,0,20,14.0,252.8297733,2015
2015-11-15 21:00:00,11,15,0,21,16.0,243.4059147,2015
2015-11-15 22:00:00,11,15,0,22,14.0,239.1959316,2015
2015-11-15 23:00:00,11,15,0,23,12.0,232.5424933,2015
2015-11-16 00:00:00,11,16,1,0,12.0,251.9322796,2015
2015-11-16 01:00:00,11,16,1,1,11.0,248.0727874,2015
2015-11-16 02:00:00,11,16,1,2,10.0,251.5124518,2015
2015-11-16 03:00:00,11,16,1,3,12.0,247.9361117,2015
2015-11-16 04:00:00,11,16,1,4,11.0,252.6863055,2015
2015-11-16 05:00:00,11,16,1,5,15.0,255.8949328,2015
2015-11-16 06:00:00,11,16,1,6,16.0,259.7771286,2015
2015-11-16 07:00:00,11,16,1,7,18.0,278.7893992,2015
2015-11-16 08:00:00,11,16,1,8,19.0,298.728735,2015
2015-11-16 09:00:00,11,16,1,9,15.0,270.1740971,2015
2015-11-16 10:00:00,11,16,1,10,20.0,218.1413697,2015
2015-11-16 11:00:00,11,16,1,11,23.0,176.5658146,2015
2015-11-16 12:00:00,11,16,1,12,22.0,152.4481995,2015
2015-11-16 13:00:00,11,16,1,13,21.0,157.3460053,2015
2015-11-16 14:00:00,11,16,1,14,20.0,164.8274655,2015
2015-11-16 15:00:00,11,16,1,15,28.0,172.6693862,2015
2015-11-16 16:00:00,11,16,1,16,33.0,187.4391509,2015
2015-11-16 17:00:00,11,16,1,17,33.0,218.6240649,2015
2015-11-16 18:00:00,11,16,1,18,34.0,244.3027395,2015
2015-11-16 19:00:00,11,16,1,19,33.0,285.7177229,2015
2015-11-16 20:00:00,11,16,1,20,31.0,271.792928,2015
2015-11-16 21:00:00,11,16,1,21,31.0,269.214915,2015
2015-11-16 22:00:00,11,16,1,22,31.0,271.7952599,2015
2015-11-16 23:00:00,11,16,1,23,31.0,261.0222857,2015
2015-11-17 00:00:00,11,17,1,0,30.0,244.4683907,2015
2015-11-17 01:00:00,11,17,1,1,30.0,234.1759054,2015
2015-11-17 02:00:00,11,17,1,2,28.0,239.6436943,2015
2015-11-17 03:00:00,11,17,1,3,28.0,237.9642255,2015
2015-11-17 04:00:00,11,17,1,4,27.0,245.6396267,2015
2015-11-17 05:00:00,11,17,1,5,27.0,243.9989871,2015
2015-11-17 06:00:00,11,17,1,6,27.0,250.0485517,2015
2015-11-17 07:00:00,11,17,1,7,27.0,289.0466953,2015
2015-11-17 08:00:00,11,17,1,8,27.0,338.037163,2015
2015-11-17 09:00:00,11,17,1,9,25.0,354.7770634,2015
2015-11-17 10:00:00,11,17,1,10,25.0,349.4673302,2015
2015-11-17 11:00:00,11,17,1,11,24.0,314.0273029,2015
2015-11-17 12:00:00,11,17,1,12,23.0,304.5007393,2015
2015-11-17 13:00:00,11,17,1,13,25.0,298.6210893,2015
2015-11-17 14:00:00,11,17,1,14,25.0,313.2023637,2015
2015-11-17 15:00:00,11,17,1,15,21.0,322.3016283,2015
2015-11-17 16:00:00,11,17,1,16,16.0,324.2739828,2015
2015-11-17 17:00:00,11,17,1,17,17.0,312.3427025,2015
2015-11-17 18:00:00,11,17,1,18,17.0,326.7586024,2015
2015-11-17 19:00:00,11,17,1,19,19.0,342.9412654,2015
2015-11-17 20:00:00,11,17,1,20,18.0,349.781142,2015
2015-11-17 21:00:00,11,17,1,21,17.0,359.5379679,2015
2015-11-17 22:00:00,11,17,1,22,18.0,351.3299445,2015
2015-11-17 23:00:00,11,17,1,23,18.0,339.603848,2015
2015-11-18 00:00:00,11,18,1,0,18.0,288.4242418,2015
2015-11-18 01:00:00,11,18,1,1,20.0,277.4748099,2015
2015-11-18 02:00:00,11,18,1,2,20.0,280.2805459,2015
2015-11-18 03:00:00,11,18,1,3,19.0,286.755868,2015
2015-11-18 04:00:00,11,18,1,4,22.0,287.0841272,2015
2015-11-18 05:00:00,11,18,1,5,23.0,283.2368114,2015
2015-11-18 06:00:00,11,18,1,6,21.0,296.5139182,2015
2015-11-18 07:00:00,11,18,1,7,22.0,337.2573142,2015
2015-11-18 08:00:00,11,18,1,8,22.0,389.4386695,2015
2015-11-18 09:00:00,11,18,1,9,22.0,439.2902805,2015
2015-11-18 10:00:00,11,18,1,10,23.0,426.6966303,2015
2015-11-18 11:00:00,11,18,1,11,23.0,396.9237804,2015
2015-11-18 12:00:00,11,18,1,12,23.0,349.599764,2015
2015-11-18 13:00:00,11,18,1,13,20.0,311.9132286,2015
2015-11-18 14:00:00,11,18,1,14,21.0,276.7277723,2015
2015-11-18 15:00:00,11,18,1,15,21.0,261.036406,2015
2015-11-18 16:00:00,11,18,1,16,25.0,250.4111533,2015
2015-11-18 17:00:00,11,18,1,17,21.0,266.6639529,2015
2015-11-18 18:00:00,11,18,1,18,19.0,312.7289888,2015
2015-11-18 19:00:00,11,18,1,19,18.0,337.9502025,2015
2015-11-18 20:00:00,11,18,1,20,19.0,323.1684336,2015
2015-11-18 21:00:00,11,18,1,21,20.0,324.5654525,2015
2015-11-18 22:00:00,11,18,1,22,19.0,324.1663713,2015
2015-11-18 23:00:00,11,18,1,23,18.0,314.7093597,2015
2015-11-19 00:00:00,11,19,1,0,17.0,273.3070988,2015
2015-11-19 01:00:00,11,19,1,1,16.0,270.3341757,2015
2015-11-19 02:00:00,11,19,1,2,16.0,267.0597342,2015
2015-11-19 03:00:00,11,19,1,3,19.0,270.3268331,2015
2015-11-19 04:00:00,11,19,1,4,19.0,258.6928389,2015
2015-11-19 05:00:00,11,19,1,5,18.0,267.3319319,2015
2015-11-19 06:00:00,11,19,1,6,17.0,273.0094753,2015
2015-11-19 07:00:00,11,19,1,7,18.0,303.0614273,2015
2015-11-19 08:00:00,11,19,1,8,20.0,362.0729381,2015
2015-11-19 09:00:00,11,19,1,9,22.0,369.4375612,2015
2015-11-19 10:00:00,11,19,1,10,24.0,311.8996316,2015
2015-11-19 11:00:00,11,19,1,11,23.0,262.9680303,2015
2015-11-19 12:00:00,11,19,1,12,22.0,231.3175957,2015
2015-11-19 13:00:00,11,19,1,13,25.0,212.279038,2015
2015-11-19 14:00:00,11,19,1,14,20.0,220.6913942,2015
2015-11-19 15:00:00,11,19,1,15,21.0,233.4999106,2015
2015-11-19 16:00:00,11,19,1,16,29.0,244.6296057,2015
2015-11-19 17:00:00,11,19,1,17,28.0,257.0178173,2015
2015-11-19 18:00:00,11,19,1,18,27.0,300.9216628,2015
2015-11-19 19:00:00,11,19,1,19,25.0,331.6317144,2015
2015-11-19 20:00:00,11,19,1,20,24.0,329.8415663,2015
2015-11-19 21:00:00,11,19,1,21,24.0,336.8764393,2015
2015-11-19 22:00:00,11,19,1,22,23.0,341.6984764,2015
2015-11-19 23:00:00,11,19,1,23,22.0,330.5537083,2015
2015-11-20 00:00:00,11,20,1,0,23.0,288.1407534,2015
2015-11-20 01:00:00,11,20,1,1,24.0,278.0155319,2015
2015-11-20 02:00:00,11,20,1,2,24.0,279.5267899,2015
2015-11-20 03:00:00,11,20,1,3,24.0,275.3514737,2015
2015-11-20 04:00:00,11,20,1,4,24.0,274.0120992,2015
2015-11-20 05:00:00,11,20,1,5,24.0,276.7212865,2015
2015-11-20 06:00:00,11,20,1,6,26.0,281.9520065,2015
2015-11-20 07:00:00,11,20,1,7,25.0,323.6741671,2015
2015-11-20 08:00:00,11,20,1,8,26.0,382.8164593,2015
2015-11-20 09:00:00,11,20,1,9,26.0,380.186277,2015
2015-11-20 10:00:00,11,20,1,10,31.0,318.6582195,2015
2015-11-20 11:00:00,11,20,1,11,28.0,267.5472059,2015
2015-11-20 12:00:00,11,20,1,12,27.0,237.8453604,2015
2015-11-20 13:00:00,11,20,1,13,24.0,231.0698934,2015
2015-11-20 14:00:00,11,20,1,14,24.0,223.9488812,2015
2015-11-20 15:00:00,11,20,1,15,22.0,236.1744141,2015
2015-11-20 16:00:00,11,20,1,16,21.0,242.8817563,2015
2015-11-20 17:00:00,11,20,1,17,23.0,257.1233905,2015
2015-11-20 18:00:00,11,20,1,18,25.0,304.2318925,2015
2015-11-20 19:00:00,11,20,1,19,23.0,336.0859576,2015
2015-11-20 20:00:00,11,20,1,20,22.0,335.9135327,2015
2015-11-20 21:00:00,11,20,1,21,21.0,318.6917439,2015
2015-11-20 22:00:00,11,20,1,22,20.0,321.5253885,2015
2015-11-20 23:00:00,11,20,1,23,17.0,312.4866383,2015
2015-11-21 00:00:00,11,21,0,0,14.0,233.5579647,2015
2015-11-21 01:00:00,11,21,0,1,12.0,228.1135716,2015
2015-11-21 02:00:00,11,21,0,2,12.0,225.9476493,2015
2015-11-21 03:00:00,11,21,0,3,9.0,228.3643224,2015
2015-11-21 04:00:00,11,21,0,4,6.0,233.086672,2015
2015-11-21 05:00:00,11,21,0,5,4.0,235.4017553,2015
2015-11-21 06:00:00,11,21,0,6,2.0,238.4856455,2015
2015-11-21 07:00:00,11,21,0,7,3.0,267.2916874,2015
2015-11-21 08:00:00,11,21,0,8,4.0,308.0207078,2015
2015-11-21 09:00:00,11,21,0,9,11.0,286.0403557,2015
2015-11-21 10:00:00,11,21,0,10,15.0,230.6530928,2015
2015-11-21 11:00:00,11,21,0,11,17.0,212.5194202,2015
2015-11-21 12:00:00,11,21,0,12,19.0,199.2547718,2015
2015-11-21 13:00:00,11,21,0,13,18.0,166.964274,2015
2015-11-21 14:00:00,11,21,0,14,22.0,178.7934638,2015
2015-11-21 15:00:00,11,21,0,15,22.0,206.3144507,2015
2015-11-21 16:00:00,11,21,0,16,21.0,224.5397112,2015
2015-11-21 17:00:00,11,21,0,17,15.0,236.455028,2015
2015-11-21 18:00:00,11,21,0,18,10.0,269.1155127,2015
2015-11-21 19:00:00,11,21,0,19,9.0,297.6219463,2015
2015-11-21 20:00:00,11,21,0,20,8.0,281.0534484,2015
2015-11-21 21:00:00,11,21,0,21,8.0,275.9749318,2015
2015-11-21 22:00:00,11,21,0,22,9.0,273.9022474,2015
2015-11-21 23:00:00,11,21,0,23,12.0,253.7863277,2015
2015-11-22 00:00:00,11,22,0,0,10.0,232.91009,2015
2015-11-22 01:00:00,11,22,0,1,8.0,233.7798408,2015
2015-11-22 02:00:00,11,22,0,2,12.0,229.9009322,2015
2015-11-22 03:00:00,11,22,0,3,11.0,226.8710295,2015
2015-11-22 04:00:00,11,22,0,4,9.0,233.5414348,2015
2015-11-22 05:00:00,11,22,0,5,9.0,236.8640274,2015
2015-11-22 06:00:00,11,22,0,6,10.0,241.1744268,2015
2015-11-22 07:00:00,11,22,0,7,12.0,256.1102896,2015
2015-11-22 08:00:00,11,22,0,8,10.0,260.5698852,2015
2015-11-22 09:00:00,11,22,0,9,17.0,233.8926407,2015
2015-11-22 10:00:00,11,22,0,10,17.0,201.6168508,2015
2015-11-22 11:00:00,11,22,0,11,20.0,167.169921,2015
2015-11-22 12:00:00,11,22,0,12,19.0,128.2747274,2015
2015-11-22 13:00:00,11,22,0,13,29.0,97.07661308,2015
2015-11-22 14:00:00,11,22,0,14,19.0,107.8901977,2015
2015-11-22 15:00:00,11,22,0,15,17.0,127.9702896,2015
2015-11-22 16:00:00,11,22,0,16,21.0,152.7866887,2015
2015-11-22 17:00:00,11,22,0,17,18.0,175.5874955,2015
2015-11-22 18:00:00,11,22,0,18,28.0,216.6927877,2015
2015-11-22 19:00:00,11,22,0,19,28.0,253.7009184,2015
2015-11-22 20:00:00,11,22,0,20,23.0,230.8832532,2015
2015-11-22 21:00:00,11,22,0,21,22.0,237.2810257,2015
2015-11-22 22:00:00,11,22,0,22,24.0,237.252331,2015
2015-11-22 23:00:00,11,22,0,23,23.0,230.4577125,2015
2015-11-23 00:00:00,11,23,1,0,22.0,260.9797592,2015
2015-11-23 01:00:00,11,23,1,1,21.0,256.374167,2015
2015-11-23 02:00:00,11,23,1,2,20.0,261.5762691,2015
2015-11-23 03:00:00,11,23,1,3,20.0,256.3440833,2015
2015-11-23 04:00:00,11,23,1,4,19.0,259.4539754,2015
2015-11-23 05:00:00,11,23,1,5,18.0,259.3350171,2015
2015-11-23 06:00:00,11,23,1,6,18.0,264.0863377,2015
2015-11-23 07:00:00,11,23,1,7,17.0,278.0915723,2015
2015-11-23 08:00:00,11,23,1,8,18.0,301.9162977,2015
2015-11-23 09:00:00,11,23,1,9,20.0,286.2207829,2015
2015-11-23 10:00:00,11,23,1,10,20.0,258.1029997,2015
2015-11-23 11:00:00,11,23,1,11,20.0,198.9624958,2015
2015-11-23 12:00:00,11,23,1,12,21.0,181.0448504,2015
2015-11-23 13:00:00,11,23,1,13,19.0,178.2153158,2015
2015-11-23 14:00:00,11,23,1,14,20.0,172.9884813,2015
2015-11-23 15:00:00,11,23,1,15,21.0,171.5230143,2015
2015-11-23 16:00:00,11,23,1,16,27.0,195.2440406,2015
2015-11-23 17:00:00,11,23,1,17,28.0,230.6958935,2015
2015-11-23 18:00:00,11,23,1,18,24.0,275.9128357,2015
2015-11-23 19:00:00,11,23,1,19,24.0,292.0678857,2015
2015-11-23 20:00:00,11,23,1,20,22.0,285.6824582,2015
2015-11-23 21:00:00,11,23,1,21,21.0,288.2092267,2015
2015-11-23 22:00:00,11,23,1,22,19.0,289.6550951,2015
2015-11-23 23:00:00,11,23,1,23,18.0,286.1893659,2015
2015-11-24 00:00:00,11,24,1,0,19.0,259.8914293,2015
2015-11-24 01:00:00,11,24,1,1,16.0,260.731485,2015
2015-11-24 02:00:00,11,24,1,2,16.0,269.1034557,2015
2015-11-24 03:00:00,11,24,1,3,16.0,268.6752724,2015
2015-11-24 04:00:00,11,24,1,4,15.0,273.4013514,2015
2015-11-24 05:00:00,11,24,1,5,15.0,277.3898045,2015
2015-11-24 06:00:00,11,24,1,6,17.0,280.1204377,2015
2015-11-24 07:00:00,11,24,1,7,16.0,322.3684713,2015
2015-11-24 08:00:00,11,24,1,8,16.0,360.7069944,2015
2015-11-24 09:00:00,11,24,1,9,17.0,343.7316811,2015
2015-11-24 10:00:00,11,24,1,10,16.0,294.1830487,2015
2015-11-24 11:00:00,11,24,1,11,15.0,250.5037984,2015
2015-11-24 12:00:00,11,24,1,12,15.0,218.3545564,2015
2015-11-24 13:00:00,11,24,1,13,14.0,198.7664158,2015
2015-11-24 14:00:00,11,24,1,14,13.0,200.7192084,2015
2015-11-24 15:00:00,11,24,1,15,13.0,206.1263309,2015
2015-11-24 16:00:00,11,24,1,16,18.0,213.0167195,2015
2015-11-24 17:00:00,11,24,1,17,27.0,231.3933589,2015
2015-11-24 18:00:00,11,24,1,18,26.0,276.8259194,2015
2015-11-24 19:00:00,11,24,1,19,24.0,308.7834496,2015
2015-11-24 20:00:00,11,24,1,20,24.0,306.2477709,2015
2015-11-24 21:00:00,11,24,1,21,24.0,308.7786952,2015
2015-11-24 22:00:00,11,24,1,22,22.0,304.9733966,2015
2015-11-24 23:00:00,11,24,1,23,22.0,289.1273488,2015
2015-11-25 00:00:00,11,25,1,0,20.0,254.9517021,2015
2015-11-25 01:00:00,11,25,1,1,19.0,245.3481983,2015
2015-11-25 02:00:00,11,25,1,2,19.0,243.4293078,2015
2015-11-25 03:00:00,11,25,1,3,18.0,247.9464197,2015
2015-11-25 04:00:00,11,25,1,4,19.0,249.2918621,2015
2015-11-25 05:00:00,11,25,1,5,18.0,255.039757,2015
2015-11-25 06:00:00,11,25,1,6,17.0,262.9793401,2015
2015-11-25 07:00:00,11,25,1,7,18.0,293.471291,2015
2015-11-25 08:00:00,11,25,1,8,17.0,332.346812,2015
2015-11-25 09:00:00,11,25,1,9,17.0,317.2131755,2015
2015-11-25 10:00:00,11,25,1,10,24.0,243.535893,2015
2015-11-25 11:00:00,11,25,1,11,26.0,173.8693708,2015
2015-11-25 12:00:00,11,25,1,12,25.0,141.6572237,2015
2015-11-25 13:00:00,11,25,1,13,25.0,133.1869284,2015
2015-11-25 14:00:00,11,25,1,14,25.0,134.0150168,2015
2015-11-25 15:00:00,11,25,1,15,25.0,148.3202948,2015
2015-11-25 16:00:00,11,25,1,16,23.0,175.2132883,2015
2015-11-25 17:00:00,11,25,1,17,24.0,213.2875585,2015
2015-11-25 18:00:00,11,25,1,18,23.0,271.6537131,2015
2015-11-25 19:00:00,11,25,1,19,23.0,312.5405186,2015
2015-11-25 20:00:00,11,25,1,20,23.0,306.769142,2015
2015-11-25 21:00:00,11,25,1,21,24.0,307.4306671,2015
2015-11-25 22:00:00,11,25,1,22,23.0,308.329771,2015
2015-11-25 23:00:00,11,25,1,23,23.0,297.3114159,2015
2015-11-26 00:00:00,11,26,1,0,23.0,256.9692252,2015
2015-11-26 01:00:00,11,26,1,1,22.0,251.7897613,2015
2015-11-26 02:00:00,11,26,1,2,22.0,247.1822572,2015
2015-11-26 03:00:00,11,26,1,3,22.0,249.1678934,2015
2015-11-26 04:00:00,11,26,1,4,21.0,247.0685725,2015
2015-11-26 05:00:00,11,26,1,5,21.0,250.8392987,2015
2015-11-26 06:00:00,11,26,1,6,20.0,252.9747114,2015
2015-11-26 07:00:00,11,26,1,7,20.0,281.5094456,2015
2015-11-26 08:00:00,11,26,1,8,19.0,315.2395099,2015
2015-11-26 09:00:00,11,26,1,9,18.0,304.5579145,2015
2015-11-26 10:00:00,11,26,1,10,18.0,254.6593819,2015
2015-11-26 11:00:00,11,26,1,11,19.0,187.2953652,2015
2015-11-26 12:00:00,11,26,1,12,18.0,165.3441943,2015
2015-11-26 13:00:00,11,26,1,13,17.0,177.4798706,2015
2015-11-26 14:00:00,11,26,1,14,16.0,176.7158313,2015
2015-11-26 15:00:00,11,26,1,15,16.0,223.1688741,2015
2015-11-26 16:00:00,11,26,1,16,15.0,236.7333055,2015
2015-11-26 17:00:00,11,26,1,17,16.0,267.2320805,2015
2015-11-26 18:00:00,11,26,1,18,15.0,298.5754316,2015
2015-11-26 19:00:00,11,26,1,19,15.0,320.1019914,2015
2015-11-26 20:00:00,11,26,1,20,13.0,326.8311102,2015
2015-11-26 21:00:00,11,26,1,21,11.0,318.6208736,2015
2015-11-26 22:00:00,11,26,1,22,10.0,319.2383497,2015
2015-11-26 23:00:00,11,26,1,23,11.0,304.7162418,2015
2015-11-27 00:00:00,11,27,1,0,11.0,277.1908148,2015
2015-11-27 01:00:00,11,27,1,1,10.0,269.4981957,2015
2015-11-27 02:00:00,11,27,1,2,9.0,268.9766086,2015
2015-11-27 03:00:00,11,27,1,3,9.0,266.3742861,2015
2015-11-27 04:00:00,11,27,1,4,7.0,276.0737055,2015
2015-11-27 05:00:00,11,27,1,5,7.0,273.961216,2015
2015-11-27 06:00:00,11,27,1,6,3.0,279.0517152,2015
2015-11-27 07:00:00,11,27,1,7,-1.0,312.1237486,2015
2015-11-27 08:00:00,11,27,1,8,1.0,322.4192975,2015
2015-11-27 09:00:00,11,27,1,9,8.0,311.9662172,2015
2015-11-27 10:00:00,11,27,1,10,10.0,293.6213949,2015
2015-11-27 11:00:00,11,27,1,11,10.0,283.849554,2015
2015-11-27 12:00:00,11,27,1,12,10.0,278.8490012,2015
2015-11-27 13:00:00,11,27,1,13,12.0,264.0621311,2015
2015-11-27 14:00:00,11,27,1,14,12.0,258.2844798,2015
2015-11-27 15:00:00,11,27,1,15,12.0,267.8012103,2015
2015-11-27 16:00:00,11,27,1,16,12.0,266.6986448,2015
2015-11-27 17:00:00,11,27,1,17,13.0,285.5435688,2015
2015-11-27 18:00:00,11,27,1,18,13.0,312.53337,2015
2015-11-27 19:00:00,11,27,1,19,14.0,324.4243854,2015
2015-11-27 20:00:00,11,27,1,20,14.0,318.1941658,2015
2015-11-27 21:00:00,11,27,1,21,15.0,321.7662538,2015
2015-11-27 22:00:00,11,27,1,22,15.0,318.1381535,2015
2015-11-27 23:00:00,11,27,1,23,16.0,312.8907605,2015
2015-11-28 00:00:00,11,28,0,0,17.0,259.1914275,2015
2015-11-28 01:00:00,11,28,0,1,16.0,260.140542,2015
2015-11-28 02:00:00,11,28,0,2,15.0,258.9583585,2015
2015-11-28 03:00:00,11,28,0,3,15.0,251.8117342,2015
2015-11-28 04:00:00,11,28,0,4,15.0,260.4207846,2015
2015-11-28 05:00:00,11,28,0,5,15.0,258.8043535,2015
2015-11-28 06:00:00,11,28,0,6,15.0,266.3323442,2015
2015-11-28 07:00:00,11,28,0,7,14.0,277.8040379,2015
2015-11-28 08:00:00,11,28,0,8,16.0,283.4989485,2015
2015-11-28 09:00:00,11,28,0,9,15.0,264.1874176,2015
2015-11-28 10:00:00,11,28,0,10,15.0,257.6180108,2015
2015-11-28 11:00:00,11,28,0,11,15.0,240.9378393,2015
2015-11-28 12:00:00,11,28,0,12,17.0,191.8799998,2015
2015-11-28 13:00:00,11,28,0,13,15.0,167.7843372,2015
2015-11-28 14:00:00,11,28,0,14,15.0,155.2573103,2015
2015-11-28 15:00:00,11,28,0,15,14.0,165.0712072,2015
2015-11-28 16:00:00,11,28,0,16,15.0,177.1769647,2015
2015-11-28 17:00:00,11,28,0,17,15.0,225.3021465,2015
2015-11-28 18:00:00,11,28,0,18,15.0,287.5283822,2015
2015-11-28 19:00:00,11,28,0,19,16.0,310.6656045,2015
2015-11-28 20:00:00,11,28,0,20,16.0,305.7065019,2015
2015-11-28 21:00:00,11,28,0,21,16.0,306.195813,2015
2015-11-28 22:00:00,11,28,0,22,17.0,302.4238888,2015
2015-11-28 23:00:00,11,28,0,23,15.0,292.815311,2015
2015-11-29 00:00:00,11,29,0,0,16.0,277.9783824,2015
2015-11-29 01:00:00,11,29,0,1,16.0,277.1954723,2015
2015-11-29 02:00:00,11,29,0,2,16.0,275.762796,2015
2015-11-29 03:00:00,11,29,0,3,17.0,265.1871043,2015
2015-11-29 04:00:00,11,29,0,4,17.0,261.3505031,2015
2015-11-29 05:00:00,11,29,0,5,16.0,262.5766252,2015
2015-11-29 06:00:00,11,29,0,6,17.0,267.5530365,2015
2015-11-29 07:00:00,11,29,0,7,17.0,275.2583569,2015
2015-11-29 08:00:00,11,29,0,8,17.0,281.0504855,2015
2015-11-29 09:00:00,11,29,0,9,17.0,266.6059997,2015
2015-11-29 10:00:00,11,29,0,10,17.0,246.4876982,2015
2015-11-29 11:00:00,11,29,0,11,18.0,216.5320712,2015
2015-11-29 12:00:00,11,29,0,12,18.0,200.1627086,2015
2015-11-29 13:00:00,11,29,0,13,17.0,191.578017,2015
2015-11-29 14:00:00,11,29,0,14,16.0,174.6418226,2015
2015-11-29 15:00:00,11,29,0,15,17.0,163.9802504,2015
2015-11-29 16:00:00,11,29,0,16,16.0,195.1591402,2015
2015-11-29 17:00:00,11,29,0,17,17.0,227.6681584,2015
2015-11-29 18:00:00,11,29,0,18,16.0,275.3198628,2015
2015-11-29 19:00:00,11,29,0,19,17.0,287.1721786,2015
2015-11-29 20:00:00,11,29,0,20,18.0,278.0585402,2015
2015-11-29 21:00:00,11,29,0,21,18.0,272.8947502,2015
2015-11-29 22:00:00,11,29,0,22,19.0,284.6672044,2015
2015-11-29 23:00:00,11,29,0,23,19.0,278.7963301,2015
2015-11-30 00:00:00,11,30,1,0,19.0,299.4048409,2015
2015-11-30 01:00:00,11,30,1,1,19.0,297.9141432,2015
2015-11-30 02:00:00,11,30,1,2,19.0,296.5360266,2015
2015-11-30 03:00:00,11,30,1,3,19.0,292.7131349,2015
2015-11-30 04:00:00,11,30,1,4,19.0,295.2933325,2015
2015-11-30 05:00:00,11,30,1,5,19.0,294.7664565,2015
2015-11-30 06:00:00,11,30,1,6,18.0,288.2096178,2015
2015-11-30 07:00:00,11,30,1,7,17.0,310.4160254,2015
2015-11-30 08:00:00,11,30,1,8,17.0,320.3057372,2015
2015-11-30 09:00:00,11,30,1,9,18.0,296.9288019,2015
2015-11-30 10:00:00,11,30,1,10,19.0,273.3180163,2015
2015-11-30 11:00:00,11,30,1,11,19.0,243.5642013,2015
2015-11-30 12:00:00,11,30,1,12,19.0,217.501783,2015
2015-11-30 13:00:00,11,30,1,13,20.0,220.3428782,2015
2015-11-30 14:00:00,11,30,1,14,18.0,243.4585031,2015
2015-11-30 15:00:00,11,30,1,15,10.0,247.5828213,2015
2015-11-30 16:00:00,11,30,1,16,9.0,270.6867441,2015
2015-11-30 17:00:00,11,30,1,17,7.0,300.5470783,2015
2015-11-30 18:00:00,11,30,1,18,6.0,330.4726846,2015
2015-11-30 19:00:00,11,30,1,19,5.0,357.9625611,2015
2015-11-30 20:00:00,11,30,1,20,4.0,347.9966528,2015
2015-11-30 21:00:00,11,30,1,21,5.0,352.507162,2015
2015-11-30 22:00:00,11,30,1,22,6.0,350.186751,2015
2015-11-30 23:00:00,11,30,1,23,5.0,335.6633459,2015
2015-12-01 00:00:00,12,1,1,0,4.0,328.1266496,2015
2015-12-01 01:00:00,12,1,1,1,5.0,324.0511961,2015
2015-12-01 02:00:00,12,1,1,2,4.0,315.8604544,2015
2015-12-01 03:00:00,12,1,1,3,5.0,308.7174502,2015
2015-12-01 04:00:00,12,1,1,4,5.0,310.090889,2015
2015-12-01 05:00:00,12,1,1,5,5.0,310.6543584,2015
2015-12-01 06:00:00,12,1,1,6,4.0,316.6143165,2015
2015-12-01 07:00:00,12,1,1,7,6.0,328.4363602,2015
2015-12-01 08:00:00,12,1,1,8,8.0,364.0400566,2015
2015-12-01 09:00:00,12,1,1,9,12.0,400.7061219,2015
2015-12-01 10:00:00,12,1,1,10,12.0,388.616011,2015
2015-12-01 11:00:00,12,1,1,11,14.0,335.674864,2015
2015-12-01 12:00:00,12,1,1,12,14.0,289.3955954,2015
2015-12-01 13:00:00,12,1,1,13,13.0,260.7700628,2015
2015-12-01 14:00:00,12,1,1,14,15.0,253.5806715,2015
2015-12-01 15:00:00,12,1,1,15,18.0,256.8539181,2015
2015-12-01 16:00:00,12,1,1,16,21.0,260.4618481,2015
2015-12-01 17:00:00,12,1,1,17,20.0,287.1640837,2015
2015-12-01 18:00:00,12,1,1,18,18.0,335.524441,2015
2015-12-01 19:00:00,12,1,1,19,20.0,359.3471143,2015
2015-12-01 20:00:00,12,1,1,20,18.0,366.4364597,2015
2015-12-01 21:00:00,12,1,1,21,19.0,356.5253724,2015
2015-12-01 22:00:00,12,1,1,22,19.0,358.9425469,2015
2015-12-01 23:00:00,12,1,1,23,17.0,339.6178643,2015
2015-12-02 00:00:00,12,2,1,0,14.0,303.5983717,2015
2015-12-02 01:00:00,12,2,1,1,12.0,294.7595388,2015
2015-12-02 02:00:00,12,2,1,2,11.0,298.3372831,2015
2015-12-02 03:00:00,12,2,1,3,9.0,296.5068413,2015
2015-12-02 04:00:00,12,2,1,4,11.0,295.6083383,2015
2015-12-02 05:00:00,12,2,1,5,11.0,305.7173739,2015
2015-12-02 06:00:00,12,2,1,6,9.0,311.4514052,2015
2015-12-02 07:00:00,12,2,1,7,11.0,335.6932712,2015
2015-12-02 08:00:00,12,2,1,8,12.0,383.7679031,2015
2015-12-02 09:00:00,12,2,1,9,14.0,388.0506969,2015
2015-12-02 10:00:00,12,2,1,10,16.0,349.1847256,2015
2015-12-02 11:00:00,12,2,1,11,16.0,307.1569766,2015
2015-12-02 12:00:00,12,2,1,12,17.0,295.3349618,2015
2015-12-02 13:00:00,12,2,1,13,14.0,282.320557,2015
2015-12-02 14:00:00,12,2,1,14,17.0,271.8722606,2015
2015-12-02 15:00:00,12,2,1,15,19.0,285.2972459,2015
2015-12-02 16:00:00,12,2,1,16,26.0,291.6504061,2015
2015-12-02 17:00:00,12,2,1,17,24.0,297.211848,2015
2015-12-02 18:00:00,12,2,1,18,22.0,335.0047511,2015
2015-12-02 19:00:00,12,2,1,19,19.0,362.5063269,2015
2015-12-02 20:00:00,12,2,1,20,18.0,360.7296404,2015
2015-12-02 21:00:00,12,2,1,21,18.0,355.8682429,2015
2015-12-02 22:00:00,12,2,1,22,16.0,355.1029142,2015
2015-12-02 23:00:00,12,2,1,23,17.0,334.3633705,2015
2015-12-03 00:00:00,12,3,1,0,20.0,296.6584603,2015
2015-12-03 01:00:00,12,3,1,1,18.0,279.6193138,2015
2015-12-03 02:00:00,12,3,1,2,21.0,281.3886134,2015
2015-12-03 03:00:00,12,3,1,3,19.0,289.2815037,2015
2015-12-03 04:00:00,12,3,1,4,20.0,296.158803,2015
2015-12-03 05:00:00,12,3,1,5,17.0,307.836896,2015
2015-12-03 06:00:00,12,3,1,6,17.0,301.2993798,2015
2015-12-03 07:00:00,12,3,1,7,16.0,330.5702462,2015
2015-12-03 08:00:00,12,3,1,8,16.0,369.177434,2015
2015-12-03 09:00:00,12,3,1,9,17.0,369.6372926,2015
2015-12-03 10:00:00,12,3,1,10,18.0,320.6243949,2015
2015-12-03 11:00:00,12,3,1,11,18.0,291.2372015,2015
2015-12-03 12:00:00,12,3,1,12,20.0,286.9216343,2015
2015-12-03 13:00:00,12,3,1,13,22.0,278.1324903,2015
2015-12-03 14:00:00,12,3,1,14,23.0,262.6297345,2015
2015-12-03 15:00:00,12,3,1,15,23.0,267.7826505,2015
2015-12-03 16:00:00,12,3,1,16,25.0,259.2599717,2015
2015-12-03 17:00:00,12,3,1,17,24.0,286.8538281,2015
2015-12-03 18:00:00,12,3,1,18,24.0,332.9744988,2015
2015-12-03 19:00:00,12,3,1,19,22.0,362.0986455,2015
2015-12-03 20:00:00,12,3,1,20,21.0,356.2238306,2015
2015-12-03 21:00:00,12,3,1,21,22.0,350.8277252,2015
2015-12-03 22:00:00,12,3,1,22,21.0,353.1397896,2015
2015-12-03 23:00:00,12,3,1,23,21.0,345.4002827,2015
2015-12-04 00:00:00,12,4,1,0,20.0,307.6716653,2015
2015-12-04 01:00:00,12,4,1,1,20.0,293.4500743,2015
2015-12-04 02:00:00,12,4,1,2,19.0,289.7686634,2015
2015-12-04 03:00:00,12,4,1,3,18.0,289.89779,2015
2015-12-04 04:00:00,12,4,1,4,16.0,296.4904679,2015
2015-12-04 05:00:00,12,4,1,5,17.0,290.8056532,2015
2015-12-04 06:00:00,12,4,1,6,16.0,297.3124227,2015
2015-12-04 07:00:00,12,4,1,7,16.0,328.3380136,2015
2015-12-04 08:00:00,12,4,1,8,17.0,380.4097644,2015
2015-12-04 09:00:00,12,4,1,9,18.0,390.933612,2015
2015-12-04 10:00:00,12,4,1,10,20.0,342.8856495,2015
2015-12-04 11:00:00,12,4,1,11,19.0,298.540042,2015
2015-12-04 12:00:00,12,4,1,12,19.0,254.8100956,2015
2015-12-04 13:00:00,12,4,1,13,26.0,231.7132333,2015
2015-12-04 14:00:00,12,4,1,14,28.0,228.0566907,2015
2015-12-04 15:00:00,12,4,1,15,29.0,243.1104382,2015
2015-12-04 16:00:00,12,4,1,16,30.0,257.9672814,2015
2015-12-04 17:00:00,12,4,1,17,28.0,284.9357414,2015
2015-12-04 18:00:00,12,4,1,18,29.0,344.7957043,2015
2015-12-04 19:00:00,12,4,1,19,29.0,369.1795983,2015
2015-12-04 20:00:00,12,4,1,20,29.0,365.3053553,2015
2015-12-04 21:00:00,12,4,1,21,28.0,367.1081245,2015
2015-12-04 22:00:00,12,4,1,22,29.0,358.1651908,2015
2015-12-04 23:00:00,12,4,1,23,28.0,335.4686913,2015
2015-12-05 00:00:00,12,5,0,0,24.0,266.3075412,2015
2015-12-05 01:00:00,12,5,0,1,20.0,261.8972611,2015
2015-12-05 02:00:00,12,5,0,2,20.0,258.2826486,2015
2015-12-05 03:00:00,12,5,0,3,23.0,254.1941216,2015
2015-12-05 04:00:00,12,5,0,4,22.0,253.6808278,2015
2015-12-05 05:00:00,12,5,0,5,23.0,255.4023964,2015
2015-12-05 06:00:00,12,5,0,6,22.0,264.8543101,2015
2015-12-05 07:00:00,12,5,0,7,21.0,287.3495252,2015
2015-12-05 08:00:00,12,5,0,8,21.0,326.8797476,2015
2015-12-05 09:00:00,12,5,0,9,26.0,342.1500982,2015
2015-12-05 10:00:00,12,5,0,10,26.0,309.3022791,2015
2015-12-05 11:00:00,12,5,0,11,23.0,262.0776636,2015
2015-12-05 12:00:00,12,5,0,12,23.0,234.8844359,2015
2015-12-05 13:00:00,12,5,0,13,23.0,203.6986955,2015
2015-12-05 14:00:00,12,5,0,14,27.0,200.8749763,2015
2015-12-05 15:00:00,12,5,0,15,22.0,207.3099027,2015
2015-12-05 16:00:00,12,5,0,16,21.0,227.6911855,2015
2015-12-05 17:00:00,12,5,0,17,25.0,243.7243801,2015
2015-12-05 18:00:00,12,5,0,18,26.0,297.812735,2015
2015-12-05 19:00:00,12,5,0,19,24.0,320.5773414,2015
2015-12-05 20:00:00,12,5,0,20,23.0,297.6875545,2015
2015-12-05 21:00:00,12,5,0,21,16.0,301.6313003,2015
2015-12-05 22:00:00,12,5,0,22,12.0,311.7963627,2015
2015-12-05 23:00:00,12,5,0,23,15.0,278.8461785,2015
2015-12-06 00:00:00,12,6,0,0,14.0,257.4907232,2015
2015-12-06 01:00:00,12,6,0,1,14.0,253.6376123,2015
2015-12-06 02:00:00,12,6,0,2,12.0,246.5532936,2015
2015-12-06 03:00:00,12,6,0,3,11.0,244.3422087,2015
2015-12-06 04:00:00,12,6,0,4,11.0,240.3550998,2015
2015-12-06 05:00:00,12,6,0,5,9.0,246.1702768,2015
2015-12-06 06:00:00,12,6,0,6,9.0,242.0194555,2015
2015-12-06 07:00:00,12,6,0,7,10.0,264.0523826,2015
2015-12-06 08:00:00,12,6,0,8,12.0,263.871228,2015
2015-12-06 09:00:00,12,6,0,9,14.0,254.1483121,2015
2015-12-06 10:00:00,12,6,0,10,14.0,223.9442702,2015
2015-12-06 11:00:00,12,6,0,11,12.0,191.6874692,2015
2015-12-06 12:00:00,12,6,0,12,13.0,173.214272,2015
2015-12-06 13:00:00,12,6,0,13,12.0,167.6279903,2015
2015-12-06 14:00:00,12,6,0,14,26.0,178.6372851,2015
2015-12-06 15:00:00,12,6,0,15,21.0,190.0765351,2015
2015-12-06 16:00:00,12,6,0,16,21.0,211.6938375,2015
2015-12-06 17:00:00,12,6,0,17,22.0,229.6149444,2015
2015-12-06 18:00:00,12,6,0,18,21.0,270.5861841,2015
2015-12-06 19:00:00,12,6,0,19,23.0,294.6760225,2015
2015-12-06 20:00:00,12,6,0,20,21.0,287.8536248,2015
2015-12-06 21:00:00,12,6,0,21,17.0,299.0492529,2015
2015-12-06 22:00:00,12,6,0,22,16.0,300.3946848,2015
2015-12-06 23:00:00,12,6,0,23,10.0,294.8609668,2015
2015-12-07 00:00:00,12,7,1,0,6.0,326.5767191,2015
2015-12-07 01:00:00,12,7,1,1,14.0,318.576858,2015
2015-12-07 02:00:00,12,7,1,2,9.0,312.2874364,2015
2015-12-07 03:00:00,12,7,1,3,12.0,302.7205948,2015
2015-12-07 04:00:00,12,7,1,4,13.0,299.4417361,2015
2015-12-07 05:00:00,12,7,1,5,13.0,301.1515957,2015
2015-12-07 06:00:00,12,7,1,6,15.0,303.7329718,2015
2015-12-07 07:00:00,12,7,1,7,16.0,310.8098368,2015
2015-12-07 08:00:00,12,7,1,8,17.0,338.9862528,2015
2015-12-07 09:00:00,12,7,1,9,20.0,329.1728667,2015
2015-12-07 10:00:00,12,7,1,10,20.0,291.7843615,2015
2015-12-07 11:00:00,12,7,1,11,19.0,238.2098597,2015
2015-12-07 12:00:00,12,7,1,12,18.0,219.1469999,2015
2015-12-07 13:00:00,12,7,1,13,18.0,207.9243847,2015
2015-12-07 14:00:00,12,7,1,14,23.0,208.8672224,2015
2015-12-07 15:00:00,12,7,1,15,21.0,228.5572595,2015
2015-12-07 16:00:00,12,7,1,16,28.0,221.4644981,2015
2015-12-07 17:00:00,12,7,1,17,25.0,245.0631773,2015
2015-12-07 18:00:00,12,7,1,18,20.0,303.0729196,2015
2015-12-07 19:00:00,12,7,1,19,22.0,323.2545186,2015
2015-12-07 20:00:00,12,7,1,20,21.0,315.0511261,2015
2015-12-07 21:00:00,12,7,1,21,17.0,310.1134798,2015
2015-12-07 22:00:00,12,7,1,22,17.0,311.1232502,2015
2015-12-07 23:00:00,12,7,1,23,16.0,309.6244542,2015
2015-12-08 00:00:00,12,8,1,0,17.0,279.4394405,2015
2015-12-08 01:00:00,12,8,1,1,21.0,272.0165265,2015
2015-12-08 02:00:00,12,8,1,2,20.0,277.2891626,2015
2015-12-08 03:00:00,12,8,1,3,24.0,275.9545865,2015
2015-12-08 04:00:00,12,8,1,4,25.0,274.7290183,2015
2015-12-08 05:00:00,12,8,1,5,26.0,282.8950453,2015
2015-12-08 06:00:00,12,8,1,6,25.0,287.1463855,2015
2015-12-08 07:00:00,12,8,1,7,25.0,314.6987365,2015
2015-12-08 08:00:00,12,8,1,8,25.0,370.8458215,2015
2015-12-08 09:00:00,12,8,1,9,25.0,406.8748425,2015
2015-12-08 10:00:00,12,8,1,10,24.0,371.5574973,2015
2015-12-08 11:00:00,12,8,1,11,25.0,339.9042295,2015
2015-12-08 12:00:00,12,8,1,12,23.0,314.7747256,2015
2015-12-08 13:00:00,12,8,1,13,24.0,324.6848277,2015
2015-12-08 14:00:00,12,8,1,14,22.0,337.2071868,2015
2015-12-08 15:00:00,12,8,1,15,23.0,343.1516621,2015
2015-12-08 16:00:00,12,8,1,16,22.0,297.9535147,2015
2015-12-08 17:00:00,12,8,1,17,22.0,301.7757009,2015
2015-12-08 18:00:00,12,8,1,18,21.0,337.7778597,2015
2015-12-08 19:00:00,12,8,1,19,21.0,368.7173541,2015
2015-12-08 20:00:00,12,8,1,20,24.0,375.0729516,2015
2015-12-08 21:00:00,12,8,1,21,21.0,380.8761003,2015
2015-12-08 22:00:00,12,8,1,22,23.0,372.3441647,2015
2015-12-08 23:00:00,12,8,1,23,23.0,322.6896906,2015
2015-12-09 00:00:00,12,9,1,0,22.0,278.5482873,2015
2015-12-09 01:00:00,12,9,1,1,22.0,259.366688,2015
2015-12-09 02:00:00,12,9,1,2,23.0,258.4585657,2015
2015-12-09 03:00:00,12,9,1,3,22.0,262.1792298,2015
2015-12-09 04:00:00,12,9,1,4,23.0,265.1120037,2015
2015-12-09 05:00:00,12,9,1,5,23.0,269.4355591,2015
2015-12-09 06:00:00,12,9,1,6,23.0,273.2941252,2015
2015-12-09 07:00:00,12,9,1,7,22.0,305.1658014,2015
2015-12-09 08:00:00,12,9,1,8,22.0,370.1221556,2015
2015-12-09 09:00:00,12,9,1,9,24.0,391.8425678,2015
2015-12-09 10:00:00,12,9,1,10,20.0,340.591268,2015
2015-12-09 11:00:00,12,9,1,11,14.0,328.7496502,2015
2015-12-09 12:00:00,12,9,1,12,16.0,319.7384769,2015
2015-12-09 13:00:00,12,9,1,13,17.0,300.0750943,2015
2015-12-09 14:00:00,12,9,1,14,18.0,262.2912816,2015
2015-12-09 15:00:00,12,9,1,15,17.0,278.4602443,2015
2015-12-09 16:00:00,12,9,1,16,17.0,277.3751085,2015
2015-12-09 17:00:00,12,9,1,17,18.0,294.643565,2015
2015-12-09 18:00:00,12,9,1,18,19.0,324.6197769,2015
2015-12-09 19:00:00,12,9,1,19,19.0,362.8167666,2015
2015-12-09 20:00:00,12,9,1,20,16.0,385.4672469,2015
2015-12-09 21:00:00,12,9,1,21,14.0,382.4164101,2015
2015-12-09 22:00:00,12,9,1,22,17.0,378.7070961,2015
2015-12-09 23:00:00,12,9,1,23,14.0,332.7400745,2015
2015-12-10 00:00:00,12,10,1,0,18.0,279.214118,2015
2015-12-10 01:00:00,12,10,1,1,21.0,260.1626588,2015
2015-12-10 02:00:00,12,10,1,2,19.0,261.2414176,2015
2015-12-10 03:00:00,12,10,1,3,18.0,258.7199211,2015
2015-12-10 04:00:00,12,10,1,4,16.0,262.0289349,2015
2015-12-10 05:00:00,12,10,1,5,17.0,262.4071099,2015
2015-12-10 06:00:00,12,10,1,6,15.0,272.4354777,2015
2015-12-10 07:00:00,12,10,1,7,16.0,302.6884392,2015
2015-12-10 08:00:00,12,10,1,8,20.0,363.9558765,2015
2015-12-10 09:00:00,12,10,1,9,21.0,394.5215274,2015
2015-12-10 10:00:00,12,10,1,10,20.0,361.9479184,2015
2015-12-10 11:00:00,12,10,1,11,18.0,354.6219788,2015
2015-12-10 12:00:00,12,10,1,12,18.0,326.5193662,2015
2015-12-10 13:00:00,12,10,1,13,13.0,302.2702027,2015
2015-12-10 14:00:00,12,10,1,14,13.0,307.1430769,2015
2015-12-10 15:00:00,12,10,1,15,15.0,321.0916086,2015
2015-12-10 16:00:00,12,10,1,16,16.0,305.8190205,2015
2015-12-10 17:00:00,12,10,1,17,22.0,294.4758605,2015
2015-12-10 18:00:00,12,10,1,18,17.0,333.7314808,2015
2015-12-10 19:00:00,12,10,1,19,17.0,377.968936,2015
2015-12-10 20:00:00,12,10,1,20,20.0,347.9993747,2015
2015-12-10 21:00:00,12,10,1,21,20.0,349.1505048,2015
2015-12-10 22:00:00,12,10,1,22,20.0,336.0200706,2015
2015-12-10 23:00:00,12,10,1,23,19.0,308.8369661,2015
2015-12-11 00:00:00,12,11,1,0,19.0,269.8345214,2015
2015-12-11 01:00:00,12,11,1,1,20.0,256.6910059,2015
2015-12-11 02:00:00,12,11,1,2,20.0,256.1040015,2015
2015-12-11 03:00:00,12,11,1,3,20.0,257.208718,2015
2015-12-11 04:00:00,12,11,1,4,18.0,258.9988678,2015
2015-12-11 05:00:00,12,11,1,5,23.0,259.2536184,2015
2015-12-11 06:00:00,12,11,1,6,26.0,261.6456258,2015
2015-12-11 07:00:00,12,11,1,7,25.0,294.9012741,2015
2015-12-11 08:00:00,12,11,1,8,28.0,352.1624764,2015
2015-12-11 09:00:00,12,11,1,9,27.0,385.9917844,2015
2015-12-11 10:00:00,12,11,1,10,25.0,345.7783716,2015
2015-12-11 11:00:00,12,11,1,11,23.0,321.964757,2015
2015-12-11 12:00:00,12,11,1,12,19.0,296.780266,2015
2015-12-11 13:00:00,12,11,1,13,18.0,278.1634259,2015
2015-12-11 14:00:00,12,11,1,14,18.0,264.0299619,2015
2015-12-11 15:00:00,12,11,1,15,20.0,280.3143431,2015
2015-12-11 16:00:00,12,11,1,16,22.0,274.1156786,2015
2015-12-11 17:00:00,12,11,1,17,22.0,287.6717277,2015
2015-12-11 18:00:00,12,11,1,18,22.0,333.3919827,2015
2015-12-11 19:00:00,12,11,1,19,22.0,355.5923427,2015
2015-12-11 20:00:00,12,11,1,20,22.0,346.1947728,2015
2015-12-11 21:00:00,12,11,1,21,22.0,341.487692,2015
2015-12-11 22:00:00,12,11,1,22,22.0,331.437916,2015
2015-12-11 23:00:00,12,11,1,23,23.0,301.365348,2015
2015-12-12 00:00:00,12,12,0,0,22.0,224.3907855,2015
2015-12-12 01:00:00,12,12,0,1,22.0,209.9939761,2015
2015-12-12 02:00:00,12,12,0,2,21.0,206.8203766,2015
2015-12-12 03:00:00,12,12,0,3,20.0,204.3276819,2015
2015-12-12 04:00:00,12,12,0,4,19.0,204.2878771,2015
2015-12-12 05:00:00,12,12,0,5,20.0,208.6023091,2015
2015-12-12 06:00:00,12,12,0,6,22.0,212.2077848,2015
2015-12-12 07:00:00,12,12,0,7,22.0,241.8056374,2015
2015-12-12 08:00:00,12,12,0,8,22.0,287.0106475,2015
2015-12-12 09:00:00,12,12,0,9,22.0,318.3624376,2015
2015-12-12 10:00:00,12,12,0,10,23.0,274.5705045,2015
2015-12-12 11:00:00,12,12,0,11,24.0,226.5985261,2015
2015-12-12 12:00:00,12,12,0,12,25.0,206.1259883,2015
2015-12-12 13:00:00,12,12,0,13,26.0,211.1236238,2015
2015-12-12 14:00:00,12,12,0,14,26.0,238.1765468,2015
2015-12-12 15:00:00,12,12,0,15,26.0,253.0060324,2015
2015-12-12 16:00:00,12,12,0,16,26.0,253.6232676,2015
2015-12-12 17:00:00,12,12,0,17,26.0,260.9898113,2015
2015-12-12 18:00:00,12,12,0,18,26.0,276.3107403,2015
2015-12-12 19:00:00,12,12,0,19,26.0,315.9694122,2015
2015-12-12 20:00:00,12,12,0,20,26.0,300.8115723,2015
2015-12-12 21:00:00,12,12,0,21,26.0,294.8710263,2015
2015-12-12 22:00:00,12,12,0,22,25.0,280.622514,2015
2015-12-12 23:00:00,12,12,0,23,25.0,250.1599953,2015
2015-12-13 00:00:00,12,13,0,0,25.0,237.1127636,2015
2015-12-13 01:00:00,12,13,0,1,23.0,234.8799435,2015
2015-12-13 02:00:00,12,13,0,2,23.0,227.7819833,2015
2015-12-13 03:00:00,12,13,0,3,21.0,232.4417599,2015
2015-12-13 04:00:00,12,13,0,4,20.0,231.8252749,2015
2015-12-13 05:00:00,12,13,0,5,18.0,231.1911894,2015
2015-12-13 06:00:00,12,13,0,6,18.0,234.3831285,2015
2015-12-13 07:00:00,12,13,0,7,17.0,245.3409501,2015
2015-12-13 08:00:00,12,13,0,8,18.0,261.3988641,2015
2015-12-13 09:00:00,12,13,0,9,20.0,254.4181222,2015
2015-12-13 10:00:00,12,13,0,10,22.0,225.8293433,2015
2015-12-13 11:00:00,12,13,0,11,23.0,202.6274493,2015
2015-12-13 12:00:00,12,13,0,12,21.0,226.3941818,2015
2015-12-13 13:00:00,12,13,0,13,21.0,228.7736348,2015
2015-12-13 14:00:00,12,13,0,14,22.0,233.9328666,2015
2015-12-13 15:00:00,12,13,0,15,24.0,236.1627955,2015
2015-12-13 16:00:00,12,13,0,16,24.0,234.8309508,2015
2015-12-13 17:00:00,12,13,0,17,23.0,246.4477794,2015
2015-12-13 18:00:00,12,13,0,18,18.0,270.3508493,2015
2015-12-13 19:00:00,12,13,0,19,16.0,282.3148159,2015
2015-12-13 20:00:00,12,13,0,20,16.0,267.7545032,2015
2015-12-13 21:00:00,12,13,0,21,14.0,269.5775934,2015
2015-12-13 22:00:00,12,13,0,22,16.0,269.8527587,2015
2015-12-13 23:00:00,12,13,0,23,14.0,268.7314248,2015
2015-12-14 00:00:00,12,14,1,0,14.0,293.0998545,2015
2015-12-14 01:00:00,12,14,1,1,16.0,282.8996571,2015
2015-12-14 02:00:00,12,14,1,2,17.0,272.1664501,2015
2015-12-14 03:00:00,12,14,1,3,16.0,281.5338709,2015
2015-12-14 04:00:00,12,14,1,4,14.0,279.3829817,2015
2015-12-14 05:00:00,12,14,1,5,14.0,279.5483236,2015
2015-12-14 06:00:00,12,14,1,6,14.0,284.077302,2015
2015-12-14 07:00:00,12,14,1,7,17.0,299.5205891,2015
2015-12-14 08:00:00,12,14,1,8,17.0,330.2680822,2015
2015-12-14 09:00:00,12,14,1,9,20.0,332.9960684,2015
2015-12-14 10:00:00,12,14,1,10,21.0,330.0491106,2015
2015-12-14 11:00:00,12,14,1,11,21.0,321.1169532,2015
2015-12-14 12:00:00,12,14,1,12,23.0,288.9465293,2015
2015-12-14 13:00:00,12,14,1,13,20.0,272.2536049,2015
2015-12-14 14:00:00,12,14,1,14,23.0,254.5976735,2015
2015-12-14 15:00:00,12,14,1,15,23.0,248.1104246,2015
2015-12-14 16:00:00,12,14,1,16,22.0,224.0141199,2015
2015-12-14 17:00:00,12,14,1,17,21.0,252.2032214,2015
2015-12-14 18:00:00,12,14,1,18,20.0,298.7437732,2015
2015-12-14 19:00:00,12,14,1,19,21.0,327.4918598,2015
2015-12-14 20:00:00,12,14,1,20,21.0,326.5416969,2015
2015-12-14 21:00:00,12,14,1,21,21.0,333.813209,2015
2015-12-14 22:00:00,12,14,1,22,22.0,326.2094379,2015
2015-12-14 23:00:00,12,14,1,23,21.0,305.3331655,2015
2015-12-15 00:00:00,12,15,1,0,20.0,282.3167499,2015
2015-12-15 01:00:00,12,15,1,1,21.0,270.0571919,2015
2015-12-15 02:00:00,12,15,1,2,23.0,274.4831785,2015
2015-12-15 03:00:00,12,15,1,3,22.0,274.5124782,2015
2015-12-15 04:00:00,12,15,1,4,20.0,276.8113583,2015
2015-12-15 05:00:00,12,15,1,5,18.0,280.4987637,2015
2015-12-15 06:00:00,12,15,1,6,18.0,286.2657,2015
2015-12-15 07:00:00,12,15,1,7,17.0,322.430707,2015
2015-12-15 08:00:00,12,15,1,8,15.0,381.5680547,2015
2015-12-15 09:00:00,12,15,1,9,14.0,413.1186278,2015
2015-12-15 10:00:00,12,15,1,10,15.0,367.2502218,2015
2015-12-15 11:00:00,12,15,1,11,15.0,333.3436303,2015
2015-12-15 12:00:00,12,15,1,12,14.0,307.1377731,2015
2015-12-15 13:00:00,12,15,1,13,15.0,290.9680917,2015
2015-12-15 14:00:00,12,15,1,14,14.0,259.8480068,2015
2015-12-15 15:00:00,12,15,1,15,13.0,280.3556466,2015
2015-12-15 16:00:00,12,15,1,16,14.0,277.6700963,2015
2015-12-15 17:00:00,12,15,1,17,15.0,292.0336352,2015
2015-12-15 18:00:00,12,15,1,18,15.0,338.5287729,2015
2015-12-15 19:00:00,12,15,1,19,14.0,357.9418977,2015
2015-12-15 20:00:00,12,15,1,20,12.0,373.6028747,2015
2015-12-15 21:00:00,12,15,1,21,13.0,368.0918004,2015
2015-12-15 22:00:00,12,15,1,22,12.0,365.773146,2015
2015-12-15 23:00:00,12,15,1,23,11.0,342.1206973,2015
2015-12-16 00:00:00,12,16,1,0,7.0,308.742791,2015
2015-12-16 01:00:00,12,16,1,1,6.0,296.397656,2015
2015-12-16 02:00:00,12,16,1,2,4.0,303.6515221,2015
2015-12-16 03:00:00,12,16,1,3,3.0,303.6140144,2015
2015-12-16 04:00:00,12,16,1,4,4.0,299.4647065,2015
2015-12-16 05:00:00,12,16,1,5,3.0,303.1307853,2015
2015-12-16 06:00:00,12,16,1,6,3.0,314.0861153,2015
2015-12-16 07:00:00,12,16,1,7,2.0,348.5057924,2015
2015-12-16 08:00:00,12,16,1,8,2.0,391.9046726,2015
2015-12-16 09:00:00,12,16,1,9,4.0,380.4417362,2015
2015-12-16 10:00:00,12,16,1,10,6.0,346.1171094,2015
2015-12-16 11:00:00,12,16,1,11,7.0,330.2099627,2015
2015-12-16 12:00:00,12,16,1,12,11.0,305.0595812,2015
2015-12-16 13:00:00,12,16,1,13,11.0,298.5327327,2015
2015-12-16 14:00:00,12,16,1,14,10.0,296.2270432,2015
2015-12-16 15:00:00,12,16,1,15,9.0,311.8899568,2015
2015-12-16 16:00:00,12,16,1,16,5.0,302.8618712,2015
2015-12-16 17:00:00,12,16,1,17,6.0,314.7567415,2015
2015-12-16 18:00:00,12,16,1,18,7.0,352.3142736,2015
2015-12-16 19:00:00,12,16,1,19,8.0,379.4318209,2015
2015-12-16 20:00:00,12,16,1,20,7.0,371.9483967,2015
2015-12-16 21:00:00,12,16,1,21,9.0,382.4279941,2015
2015-12-16 22:00:00,12,16,1,22,7.0,377.6375576,2015
2015-12-16 23:00:00,12,16,1,23,6.0,358.1513972,2015
2015-12-17 00:00:00,12,17,1,0,6.0,320.9520459,2015
2015-12-17 01:00:00,12,17,1,1,6.0,316.7680404,2015
2015-12-17 02:00:00,12,17,1,2,5.0,323.9206769,2015
2015-12-17 03:00:00,12,17,1,3,3.0,320.542733,2015
2015-12-17 04:00:00,12,17,1,4,6.0,314.1459833,2015
2015-12-17 05:00:00,12,17,1,5,5.0,316.8483673,2015
2015-12-17 06:00:00,12,17,1,6,3.0,322.4866023,2015
2015-12-17 07:00:00,12,17,1,7,3.0,357.3535545,2015
2015-12-17 08:00:00,12,17,1,8,5.0,416.2619366,2015
2015-12-17 09:00:00,12,17,1,9,5.0,439.3532377,2015
2015-12-17 10:00:00,12,17,1,10,8.0,389.5566492,2015
2015-12-17 11:00:00,12,17,1,11,9.0,359.2697156,2015
2015-12-17 12:00:00,12,17,1,12,9.0,324.0548493,2015
2015-12-17 13:00:00,12,17,1,13,9.0,303.9065006,2015
2015-12-17 14:00:00,12,17,1,14,9.0,293.3386566,2015
2015-12-17 15:00:00,12,17,1,15,7.0,307.2117802,2015
2015-12-17 16:00:00,12,17,1,16,3.0,303.4545472,2015
2015-12-17 17:00:00,12,17,1,17,-1.0,325.3427539,2015
2015-12-17 18:00:00,12,17,1,18,0.0,371.3020305,2015
2015-12-17 19:00:00,12,17,1,19,-4.0,397.4586237,2015
2015-12-17 20:00:00,12,17,1,20,-5.0,400.247887,2015
2015-12-17 21:00:00,12,17,1,21,-6.0,392.0338605,2015
2015-12-17 22:00:00,12,17,1,22,-5.0,396.153547,2015
2015-12-17 23:00:00,12,17,1,23,1.0,375.7704515,2015
2015-12-18 00:00:00,12,18,1,0,1.0,322.4669581,2015
2015-12-18 01:00:00,12,18,1,1,-1.0,317.0818526,2015
2015-12-18 02:00:00,12,18,1,2,-1.0,312.5948709,2015
2015-12-18 03:00:00,12,18,1,3,0.0,309.0678349,2015
2015-12-18 04:00:00,12,18,1,4,1.0,306.7948086,2015
2015-12-18 05:00:00,12,18,1,5,3.0,312.9945044,2015
2015-12-18 06:00:00,12,18,1,6,5.0,318.6214456,2015
2015-12-18 07:00:00,12,18,1,7,6.0,346.9627488,2015
2015-12-18 08:00:00,12,18,1,8,11.0,404.7788622,2015
2015-12-18 09:00:00,12,18,1,9,11.0,435.1543493,2015
2015-12-18 10:00:00,12,18,1,10,18.0,390.9558599,2015
2015-12-18 11:00:00,12,18,1,11,21.0,355.8714294,2015
2015-12-18 12:00:00,12,18,1,12,23.0,325.7342031,2015
2015-12-18 13:00:00,12,18,1,13,22.0,321.1488481,2015
2015-12-18 14:00:00,12,18,1,14,25.0,335.0368494,2015
2015-12-18 15:00:00,12,18,1,15,23.0,317.0512137,2015
2015-12-18 16:00:00,12,18,1,16,22.0,307.7637246,2015
2015-12-18 17:00:00,12,18,1,17,24.0,311.0050958,2015
2015-12-18 18:00:00,12,18,1,18,24.0,335.230116,2015
2015-12-18 19:00:00,12,18,1,19,18.0,373.3846256,2015
2015-12-18 20:00:00,12,18,1,20,22.0,377.6562589,2015
2015-12-18 21:00:00,12,18,1,21,20.0,375.6915789,2015
2015-12-18 22:00:00,12,18,1,22,17.0,362.6592147,2015
2015-12-18 23:00:00,12,18,1,23,20.0,342.9837943,2015
2015-12-19 00:00:00,12,19,0,0,17.0,269.5872007,2015
2015-12-19 01:00:00,12,19,0,1,16.0,267.7394861,2015
2015-12-19 02:00:00,12,19,0,2,18.0,258.9834342,2015
2015-12-19 03:00:00,12,19,0,3,16.0,268.882195,2015
2015-12-19 04:00:00,12,19,0,4,15.0,265.8088282,2015
2015-12-19 05:00:00,12,19,0,5,15.0,265.3783783,2015
2015-12-19 06:00:00,12,19,0,6,16.0,276.9990118,2015
2015-12-19 07:00:00,12,19,0,7,15.0,292.2304089,2015
2015-12-19 08:00:00,12,19,0,8,15.0,340.7646474,2015
2015-12-19 09:00:00,12,19,0,9,20.0,357.1387141,2015
2015-12-19 10:00:00,12,19,0,10,22.0,320.0769852,2015
2015-12-19 11:00:00,12,19,0,11,25.0,281.7203171,2015
2015-12-19 12:00:00,12,19,0,12,26.0,273.030994,2015
2015-12-19 13:00:00,12,19,0,13,25.0,248.3976344,2015
2015-12-19 14:00:00,12,19,0,14,24.0,232.6383035,2015
2015-12-19 15:00:00,12,19,0,15,26.0,224.4739293,2015
2015-12-19 16:00:00,12,19,0,16,25.0,224.1900106,2015
2015-12-19 17:00:00,12,19,0,17,23.0,241.1145368,2015
2015-12-19 18:00:00,12,19,0,18,23.0,276.954286,2015
2015-12-19 19:00:00,12,19,0,19,24.0,296.1199229,2015
2015-12-19 20:00:00,12,19,0,20,22.0,282.1531706,2015
2015-12-19 21:00:00,12,19,0,21,23.0,276.6792712,2015
2015-12-19 22:00:00,12,19,0,22,24.0,276.0179565,2015
2015-12-19 23:00:00,12,19,0,23,21.0,268.4392638,2015
2015-12-20 00:00:00,12,20,0,0,21.0,246.2520817,2015
2015-12-20 01:00:00,12,20,0,1,21.0,238.1223761,2015
2015-12-20 02:00:00,12,20,0,2,21.0,235.4318939,2015
2015-12-20 03:00:00,12,20,0,3,21.0,239.5361982,2015
2015-12-20 04:00:00,12,20,0,4,20.0,238.9193071,2015
2015-12-20 05:00:00,12,20,0,5,21.0,240.7513763,2015
2015-12-20 06:00:00,12,20,0,6,22.0,238.6603807,2015
2015-12-20 07:00:00,12,20,0,7,22.0,247.4886727,2015
2015-12-20 08:00:00,12,20,0,8,22.0,258.9943386,2015
2015-12-20 09:00:00,12,20,0,9,22.0,255.7418342,2015
2015-12-20 10:00:00,12,20,0,10,22.0,223.1242439,2015
2015-12-20 11:00:00,12,20,0,11,23.0,193.9319635,2015
2015-12-20 12:00:00,12,20,0,12,24.0,169.1569371,2015
2015-12-20 13:00:00,12,20,0,13,24.0,150.3890283,2015
2015-12-20 14:00:00,12,20,0,14,24.0,144.1767662,2015
2015-12-20 15:00:00,12,20,0,15,25.0,140.1822971,2015
2015-12-20 16:00:00,12,20,0,16,25.0,142.0619793,2015
2015-12-20 17:00:00,12,20,0,17,28.0,186.3625275,2015
2015-12-20 18:00:00,12,20,0,18,29.0,237.4284138,2015
2015-12-20 19:00:00,12,20,0,19,27.0,263.3004598,2015
2015-12-20 20:00:00,12,20,0,20,24.0,255.7443852,2015
2015-12-20 21:00:00,12,20,0,21,26.0,249.2290456,2015
2015-12-20 22:00:00,12,20,0,22,22.0,246.8914284,2015
2015-12-20 23:00:00,12,20,0,23,20.0,232.7137846,2015
2015-12-21 00:00:00,12,21,1,0,19.0,258.915675,2015
2015-12-21 01:00:00,12,21,1,1,19.0,253.449095,2015
2015-12-21 02:00:00,12,21,1,2,18.0,255.1751933,2015
2015-12-21 03:00:00,12,21,1,3,16.0,259.2303337,2015
2015-12-21 04:00:00,12,21,1,4,17.0,258.4977648,2015
2015-12-21 05:00:00,12,21,1,5,21.0,257.0753688,2015
2015-12-21 06:00:00,12,21,1,6,19.0,263.7801518,2015
2015-12-21 07:00:00,12,21,1,7,19.0,278.9381722,2015
2015-12-21 08:00:00,12,21,1,8,19.0,311.4678939,2015
2015-12-21 09:00:00,12,21,1,9,20.0,320.10075,2015
2015-12-21 10:00:00,12,21,1,10,20.0,274.4623201,2015
2015-12-21 11:00:00,12,21,1,11,18.0,220.4459387,2015
2015-12-21 12:00:00,12,21,1,12,16.0,206.5559819,2015
2015-12-21 13:00:00,12,21,1,13,13.0,203.3042875,2015
2015-12-21 14:00:00,12,21,1,14,22.0,195.0004365,2015
2015-12-21 15:00:00,12,21,1,15,21.0,223.9673588,2015
2015-12-21 16:00:00,12,21,1,16,23.0,224.8855047,2015
2015-12-21 17:00:00,12,21,1,17,20.0,248.1175715,2015
2015-12-21 18:00:00,12,21,1,18,19.0,291.1189123,2015
2015-12-21 19:00:00,12,21,1,19,16.0,315.0696685,2015
2015-12-21 20:00:00,12,21,1,20,17.0,314.311955,2015
2015-12-21 21:00:00,12,21,1,21,16.0,308.5992654,2015
2015-12-21 22:00:00,12,21,1,22,15.0,313.155489,2015
2015-12-21 23:00:00,12,21,1,23,16.0,305.3805816,2015
2015-12-22 00:00:00,12,22,1,0,16.0,282.9747109,2015
2015-12-22 01:00:00,12,22,1,1,17.0,277.503789,2015
2015-12-22 02:00:00,12,22,1,2,19.0,279.0368761,2015
2015-12-22 03:00:00,12,22,1,3,19.0,279.7570005,2015
2015-12-22 04:00:00,12,22,1,4,19.0,279.0982315,2015
2015-12-22 05:00:00,12,22,1,5,19.0,283.443779,2015
2015-12-22 06:00:00,12,22,1,6,19.0,287.6573856,2015
2015-12-22 07:00:00,12,22,1,7,19.0,318.6489888,2015
2015-12-22 08:00:00,12,22,1,8,19.0,357.6552577,2015
2015-12-22 09:00:00,12,22,1,9,20.0,337.3544513,2015
2015-12-22 10:00:00,12,22,1,10,23.0,288.3090431,2015
2015-12-22 11:00:00,12,22,1,11,24.0,250.9912242,2015
2015-12-22 12:00:00,12,22,1,12,26.0,210.9461059,2015
2015-12-22 13:00:00,12,22,1,13,26.0,201.2159692,2015
2015-12-22 14:00:00,12,22,1,14,27.0,203.433701,2015
2015-12-22 15:00:00,12,22,1,15,25.0,214.6204587,2015
2015-12-22 16:00:00,12,22,1,16,25.0,217.7804116,2015
2015-12-22 17:00:00,12,22,1,17,26.0,243.6339736,2015
2015-12-22 18:00:00,12,22,1,18,26.0,295.5575595,2015
2015-12-22 19:00:00,12,22,1,19,25.0,325.7136935,2015
2015-12-22 20:00:00,12,22,1,20,26.0,328.9999188,2015
2015-12-22 21:00:00,12,22,1,21,24.0,342.5221331,2015
2015-12-22 22:00:00,12,22,1,22,23.0,333.3384975,2015
2015-12-22 23:00:00,12,22,1,23,25.0,322.3219315,2015
2015-12-23 00:00:00,12,23,1,0,26.0,285.3508184,2015
2015-12-23 01:00:00,12,23,1,1,23.0,285.4378988,2015
2015-12-23 02:00:00,12,23,1,2,21.0,290.3144493,2015
2015-12-23 03:00:00,12,23,1,3,23.0,287.1405019,2015
2015-12-23 04:00:00,12,23,1,4,24.0,285.0625133,2015
2015-12-23 05:00:00,12,23,1,5,23.0,277.4984423,2015
2015-12-23 06:00:00,12,23,1,6,21.0,290.1475498,2015
2015-12-23 07:00:00,12,23,1,7,19.0,322.5805999,2015
2015-12-23 08:00:00,12,23,1,8,17.0,359.6825456,2015
2015-12-23 09:00:00,12,23,1,9,16.0,363.9445418,2015
2015-12-23 10:00:00,12,23,1,10,19.0,310.7130476,2015
2015-12-23 11:00:00,12,23,1,11,18.0,257.67029,2015
2015-12-23 12:00:00,12,23,1,12,18.0,218.6112898,2015
2015-12-23 13:00:00,12,23,1,13,20.0,199.9112104,2015
2015-12-23 14:00:00,12,23,1,14,24.0,207.0606927,2015
2015-12-23 15:00:00,12,23,1,15,23.0,213.5855892,2015
2015-12-23 16:00:00,12,23,1,16,22.0,232.4269716,2015
2015-12-23 17:00:00,12,23,1,17,22.0,264.5047636,2015
2015-12-23 18:00:00,12,23,1,18,21.0,317.0459914,2015
2015-12-23 19:00:00,12,23,1,19,18.0,345.9995215,2015
2015-12-23 20:00:00,12,23,1,20,19.0,343.9947389,2015
2015-12-23 21:00:00,12,23,1,21,19.0,334.4408319,2015
2015-12-23 22:00:00,12,23,1,22,14.0,332.9005528,2015
2015-12-23 23:00:00,12,23,1,23,6.0,328.0769136,2015
2015-12-24 00:00:00,12,24,1,0,5.0,287.2204032,2015
2015-12-24 01:00:00,12,24,1,1,5.0,286.7350231,2015
2015-12-24 02:00:00,12,24,1,2,6.0,291.7634155,2015
2015-12-24 03:00:00,12,24,1,3,4.0,292.5592647,2015
2015-12-24 04:00:00,12,24,1,4,3.0,290.8551904,2015
2015-12-24 05:00:00,12,24,1,5,3.0,293.0547618,2015
2015-12-24 06:00:00,12,24,1,6,2.0,303.8916333,2015
2015-12-24 07:00:00,12,24,1,7,1.0,335.213911,2015
2015-12-24 08:00:00,12,24,1,8,0.0,372.2896683,2015
2015-12-24 09:00:00,12,24,1,9,2.0,351.9177731,2015
2015-12-24 10:00:00,12,24,1,10,1.0,307.8730102,2015
2015-12-24 11:00:00,12,24,1,11,0.0,249.0236817,2015
2015-12-24 12:00:00,12,24,1,12,2.0,205.788539,2015
2015-12-24 13:00:00,12,24,1,13,-1.0,196.8287945,2015
2015-12-24 14:00:00,12,24,1,14,-2.0,211.6671158,2015
2015-12-24 15:00:00,12,24,1,15,6.0,215.4836472,2015
2015-12-24 16:00:00,12,24,1,16,8.0,247.9966016,2015
2015-12-24 17:00:00,12,24,1,17,6.0,268.5816266,2015
2015-12-24 18:00:00,12,24,1,18,6.0,307.3334538,2015
2015-12-24 19:00:00,12,24,1,19,5.0,331.0804534,2015
2015-12-24 20:00:00,12,24,1,20,4.0,343.7423457,2015
2015-12-24 21:00:00,12,24,1,21,2.0,347.4709174,2015
2015-12-24 22:00:00,12,24,1,22,6.0,341.543941,2015
2015-12-24 23:00:00,12,24,1,23,7.0,331.5595059,2015
2015-12-25 00:00:00,12,25,1,0,8.0,296.7250747,2015
2015-12-25 01:00:00,12,25,1,1,10.0,287.9114247,2015
2015-12-25 02:00:00,12,25,1,2,9.0,295.9553568,2015
2015-12-25 03:00:00,12,25,1,3,13.0,288.9660885,2015
2015-12-25 04:00:00,12,25,1,4,11.0,290.0583783,2015
2015-12-25 05:00:00,12,25,1,5,11.0,294.4533393,2015
2015-12-25 06:00:00,12,25,1,6,11.0,301.1173187,2015
2015-12-25 07:00:00,12,25,1,7,8.0,313.8292938,2015
2015-12-25 08:00:00,12,25,1,8,10.0,343.4996446,2015
2015-12-25 09:00:00,12,25,1,9,9.0,347.4049694,2015
2015-12-25 10:00:00,12,25,1,10,7.0,283.9897197,2015
2015-12-25 11:00:00,12,25,1,11,10.0,228.5454959,2015
2015-12-25 12:00:00,12,25,1,12,12.0,197.0160856,2015
2015-12-25 13:00:00,12,25,1,13,15.0,178.8157831,2015
2015-12-25 14:00:00,12,25,1,14,19.0,166.9330341,2015
2015-12-25 15:00:00,12,25,1,15,19.0,180.0493294,2015
2015-12-25 16:00:00,12,25,1,16,19.0,212.8424171,2015
2015-12-25 17:00:00,12,25,1,17,18.0,252.6986259,2015
2015-12-25 18:00:00,12,25,1,18,18.0,296.8464038,2015
2015-12-25 19:00:00,12,25,1,19,16.0,321.3078241,2015
2015-12-25 20:00:00,12,25,1,20,18.0,315.7905683,2015
2015-12-25 21:00:00,12,25,1,21,17.0,319.8545681,2015
2015-12-25 22:00:00,12,25,1,22,17.0,317.4009067,2015
2015-12-25 23:00:00,12,25,1,23,15.0,313.2369068,2015
2015-12-26 00:00:00,12,26,0,0,14.0,261.2484817,2015
2015-12-26 01:00:00,12,26,0,1,13.0,253.9785444,2015
2015-12-26 02:00:00,12,26,0,2,12.0,259.5282735,2015
2015-12-26 03:00:00,12,26,0,3,11.0,257.8074969,2015
2015-12-26 04:00:00,12,26,0,4,10.0,262.0384471,2015
2015-12-26 05:00:00,12,26,0,5,7.0,262.7574903,2015
2015-12-26 06:00:00,12,26,0,6,7.0,265.2882118,2015
2015-12-26 07:00:00,12,26,0,7,6.0,287.2815048,2015
2015-12-26 08:00:00,12,26,0,8,3.0,298.1567733,2015
2015-12-26 09:00:00,12,26,0,9,4.0,294.1771413,2015
2015-12-26 10:00:00,12,26,0,10,4.0,259.8771124,2015
2015-12-26 11:00:00,12,26,0,11,5.0,241.1691612,2015
2015-12-26 12:00:00,12,26,0,12,5.0,225.992015,2015
2015-12-26 13:00:00,12,26,0,13,5.0,196.8226056,2015
2015-12-26 14:00:00,12,26,0,14,5.0,178.1355186,2015
2015-12-26 15:00:00,12,26,0,15,6.0,191.0959493,2015
2015-12-26 16:00:00,12,26,0,16,6.0,208.8266204,2015
2015-12-26 17:00:00,12,26,0,17,6.0,232.3669657,2015
2015-12-26 18:00:00,12,26,0,18,6.0,272.7703114,2015
2015-12-26 19:00:00,12,26,0,19,5.0,286.8317807,2015
2015-12-26 20:00:00,12,26,0,20,5.0,297.6125223,2015
2015-12-26 21:00:00,12,26,0,21,2.0,290.9720223,2015
2015-12-26 22:00:00,12,26,0,22,-2.0,297.7895427,2015
2015-12-26 23:00:00,12,26,0,23,1.0,292.1123989,2015
2015-12-27 00:00:00,12,27,0,0,0.0,284.8023786,2015
2015-12-27 01:00:00,12,27,0,1,1.0,289.9474161,2015
2015-12-27 02:00:00,12,27,0,2,1.0,287.913763,2015
2015-12-27 03:00:00,12,27,0,3,2.0,294.6588732,2015
2015-12-27 04:00:00,12,27,0,4,3.0,288.102632,2015
2015-12-27 05:00:00,12,27,0,5,3.0,292.5598872,2015
2015-12-27 06:00:00,12,27,0,6,3.0,285.7695778,2015
2015-12-27 07:00:00,12,27,0,7,2.0,292.8526437,2015
2015-12-27 08:00:00,12,27,0,8,-2.0,291.9525556,2015
2015-12-27 09:00:00,12,27,0,9,2.0,286.7255316,2015
2015-12-27 10:00:00,12,27,0,10,6.0,255.7504409,2015
2015-12-27 11:00:00,12,27,0,11,9.0,220.2153895,2015
2015-12-27 12:00:00,12,27,0,12,11.0,206.2426349,2015
2015-12-27 13:00:00,12,27,0,13,11.0,185.2899209,2015
2015-12-27 14:00:00,12,27,0,14,12.0,199.0686033,2015
2015-12-27 15:00:00,12,27,0,15,10.0,213.4555996,2015
2015-12-27 16:00:00,12,27,0,16,8.0,214.8898721,2015
2015-12-27 17:00:00,12,27,0,17,3.0,249.9662542,2015
2015-12-27 18:00:00,12,27,0,18,3.0,278.187477,2015
2015-12-27 19:00:00,12,27,0,19,2.0,304.210836,2015
2015-12-27 20:00:00,12,27,0,20,3.0,298.6626347,2015
2015-12-27 21:00:00,12,27,0,21,4.0,304.5093788,2015
2015-12-27 22:00:00,12,27,0,22,0.0,311.784397,2015
2015-12-27 23:00:00,12,27,0,23,4.0,306.7418237,2015
2015-12-28 00:00:00,12,28,1,0,1.0,336.627718,2015
2015-12-28 01:00:00,12,28,1,1,3.0,330.0668422,2015
2015-12-28 02:00:00,12,28,1,2,3.0,326.855564,2015
2015-12-28 03:00:00,12,28,1,3,4.0,331.7181799,2015
2015-12-28 04:00:00,12,28,1,4,3.0,328.5644112,2015
2015-12-28 05:00:00,12,28,1,5,0.0,338.6636177,2015
2015-12-28 06:00:00,12,28,1,6,0.0,335.5309961,2015
2015-12-28 07:00:00,12,28,1,7,-3.0,354.0031912,2015
2015-12-28 08:00:00,12,28,1,8,2.0,364.6072535,2015
2015-12-28 09:00:00,12,28,1,9,7.0,350.2592747,2015
2015-12-28 10:00:00,12,28,1,10,9.0,295.3970343,2015
2015-12-28 11:00:00,12,28,1,11,11.0,254.3752143,2015
2015-12-28 12:00:00,12,28,1,12,11.0,208.8943371,2015
2015-12-28 13:00:00,12,28,1,13,11.0,188.1307335,2015
2015-12-28 14:00:00,12,28,1,14,12.0,196.1760898,2015
2015-12-28 15:00:00,12,28,1,15,12.0,211.3592749,2015
2015-12-28 16:00:00,12,28,1,16,10.0,231.8328996,2015
2015-12-28 17:00:00,12,28,1,17,6.0,264.5404101,2015
2015-12-28 18:00:00,12,28,1,18,6.0,313.6362173,2015
2015-12-28 19:00:00,12,28,1,19,5.0,352.5625046,2015
2015-12-28 20:00:00,12,28,1,20,5.0,350.4913286,2015
2015-12-28 21:00:00,12,28,1,21,5.0,365.3229065,2015
2015-12-28 22:00:00,12,28,1,22,5.0,370.6864696,2015
2015-12-28 23:00:00,12,28,1,23,5.0,353.5713415,2015
2015-12-29 00:00:00,12,29,1,0,1.0,330.3534897,2015
2015-12-29 01:00:00,12,29,1,1,2.0,329.6760722,2015
2015-12-29 02:00:00,12,29,1,2,5.0,337.7558072,2015
2015-12-29 03:00:00,12,29,1,3,4.0,333.9331877,2015
2015-12-29 04:00:00,12,29,1,4,5.0,343.5253861,2015
2015-12-29 05:00:00,12,29,1,5,6.0,335.7365349,2015
2015-12-29 06:00:00,12,29,1,6,6.0,343.981516,2015
2015-12-29 07:00:00,12,29,1,7,5.0,362.3773193,2015
2015-12-29 08:00:00,12,29,1,8,6.0,387.6726993,2015
2015-12-29 09:00:00,12,29,1,9,6.0,375.6627104,2015
2015-12-29 10:00:00,12,29,1,10,7.0,318.1918803,2015
2015-12-29 11:00:00,12,29,1,11,7.0,260.4166863,2015
2015-12-29 12:00:00,12,29,1,12,7.0,223.1811196,2015
2015-12-29 13:00:00,12,29,1,13,6.0,203.1374751,2015
2015-12-29 14:00:00,12,29,1,14,8.0,204.1971034,2015
2015-12-29 15:00:00,12,29,1,15,7.0,217.2144432,2015
2015-12-29 16:00:00,12,29,1,16,7.0,234.3032017,2015
2015-12-29 17:00:00,12,29,1,17,5.0,263.2153404,2015
2015-12-29 18:00:00,12,29,1,18,5.0,320.8345954,2015
2015-12-29 19:00:00,12,29,1,19,4.0,358.104438,2015
2015-12-29 20:00:00,12,29,1,20,5.0,359.3719172,2015
2015-12-29 21:00:00,12,29,1,21,4.0,357.2999344,2015
2015-12-29 22:00:00,12,29,1,22,5.0,354.1841615,2015
2015-12-29 23:00:00,12,29,1,23,5.0,348.9956365,2015
2015-12-30 00:00:00,12,30,1,0,5.0,316.9709463,2015
2015-12-30 01:00:00,12,30,1,1,7.0,317.7827331,2015
2015-12-30 02:00:00,12,30,1,2,3.0,333.8790969,2015
2015-12-30 03:00:00,12,30,1,3,5.0,332.2735931,2015
2015-12-30 04:00:00,12,30,1,4,2.0,333.0290802,2015
2015-12-30 05:00:00,12,30,1,5,1.0,335.8537507,2015
2015-12-30 06:00:00,12,30,1,6,-1.0,336.8785232,2015
2015-12-30 07:00:00,12,30,1,7,2.0,362.3607475,2015
2015-12-30 08:00:00,12,30,1,8,2.0,386.1764869,2015
2015-12-30 09:00:00,12,30,1,9,5.0,358.7808474,2015
2015-12-30 10:00:00,12,30,1,10,8.0,302.7464003,2015
2015-12-30 11:00:00,12,30,1,11,8.0,255.5418816,2015
2015-12-30 12:00:00,12,30,1,12,6.0,210.3646556,2015
2015-12-30 13:00:00,12,30,1,13,7.0,197.4671082,2015
2015-12-30 14:00:00,12,30,1,14,6.0,192.8591721,2015
2015-12-30 15:00:00,12,30,1,15,9.0,200.7093428,2015
2015-12-30 16:00:00,12,30,1,16,9.0,224.926329,2015
2015-12-30 17:00:00,12,30,1,17,8.0,263.5955259,2015
2015-12-30 18:00:00,12,30,1,18,9.0,319.3948064,2015
2015-12-30 19:00:00,12,30,1,19,8.0,357.0759126,2015
2015-12-30 20:00:00,12,30,1,20,9.0,359.7907915,2015
2015-12-30 21:00:00,12,30,1,21,9.0,352.9672535,2015
2015-12-30 22:00:00,12,30,1,22,9.0,365.2067736,2015
2015-12-30 23:00:00,12,30,1,23,7.0,355.5256419,2015
2015-12-31 00:00:00,12,31,1,0,4.0,330.0847109,2015
2015-12-31 01:00:00,12,31,1,1,4.0,325.0318477,2015
2015-12-31 02:00:00,12,31,1,2,4.0,329.7107201,2015
2015-12-31 03:00:00,12,31,1,3,4.0,330.3591419,2015
2015-12-31 04:00:00,12,31,1,4,4.0,339.8744734,2015
2015-12-31 05:00:00,12,31,1,5,3.0,335.3397082,2015
2015-12-31 06:00:00,12,31,1,6,3.0,344.1381892,2015
2015-12-31 07:00:00,12,31,1,7,3.0,358.083247,2015
2015-12-31 08:00:00,12,31,1,8,3.0,384.9502057,2015
2015-12-31 09:00:00,12,31,1,9,5.0,374.1015363,2015
2015-12-31 10:00:00,12,31,1,10,7.0,325.9333834,2015
2015-12-31 11:00:00,12,31,1,11,10.0,262.7002127,2015
2015-12-31 12:00:00,12,31,1,12,11.0,221.585453,2015
2015-12-31 13:00:00,12,31,1,13,12.0,194.0063846,2015
2015-12-31 14:00:00,12,31,1,14,12.0,173.0049211,2015
2015-12-31 15:00:00,12,31,1,15,12.0,190.9297211,2015
2015-12-31 16:00:00,12,31,1,16,9.0,220.3069742,2015
2015-12-31 17:00:00,12,31,1,17,9.0,265.5380663,2015
2015-12-31 18:00:00,12,31,1,18,6.0,327.3393702,2015
2015-12-31 19:00:00,12,31,1,19,5.0,362.4778543,2015
2015-12-31 20:00:00,12,31,1,20,4.0,365.6511726,2015
2015-12-31 21:00:00,12,31,1,21,1.0,375.6021171,2015
